Query,Match,HMDB,PubChem,ChEBI,KEGG,METLIN,SMILES,Comment
Piperidine,Piperidine,HMDB0034301,8082,18049,C01746,NA,C1CCNCC1,1
1-Aminocyclopropane-1-carboxylic acid,1-Aminocyclopropanecarboxylic acid,HMDB0036458,535,18053,C01234,NA,NC1(CC1)C(O)=O,1
L-Serine,Serine,HMDB0000187,5951,17115,C00065,5203,N[C@@H](CO)C(O)=O,1
D-2-Aminobutyric acid,D-alpha-Aminobutyric acid,HMDB0000650,439691,28797,C02261,NA,CC[C@@H](N)C(O)=O,1
Choline,Choline,HMDB0000097,305,15354,C00114,56,C[N+](C)(C)CCO,1
3-Cyanopyridine,NA,NA,NA,NA,NA,NA,NA,0
Serine,Serine,HMDB0000187,5951,17115,C00065,5203,N[C@@H](CO)C(O)=O,1
Diethanolamine,Diethanolamine,HMDB0004437,8113,28123,C06772,3239,OCCNCCO,1
Hypotaurine,Hypotaurine,HMDB0000965,107812,16668,C00519,281,NCCS(O)=O,1
Cytosine,Cytosine,HMDB0000630,597,16040,C00380,283,NC1=CC=NC(=O)N1,1
Uracil,Uracil,HMDB0000300,1174,17568,C00106,258,O=C1NC=CC(=O)N1,1
Creatinine,Creatinine,HMDB0000562,588,16737,C00791,8,CN1CC(=O)NC1=N,1
"5,6-Dihydrouracil",Dihydrouracil,HMDB0000076,649,15901,C00429,285,O=C1CCNC(=O)N1,1
Proline,Proline,HMDB0000162,145742,17203,C00148,29,OC(=O)[C@@H]1CCCN1,1
Glycocyamine,Guanidoacetic acid,HMDB0000128,763,16344,C00581,5163,NC(=N)NCC(O)=O,1
Valine,L-Valine,HMDB0000883,6287,16414,C00183,5842,CC(C)[C@H](N)C(O)=O,1
Benzimidazole,Benzimidazole,HMDB0248993,5798,41275,C02009,NA,N1C=NC2=CC=CC=C12,1
1H-Benzotriazole,1H-Benzotriazole,HMDB0244873,7220,75331,NA,NA,N1N=NC2=CC=CC=C12,1
D-(-)-Erythrose,NA,NA,NA,NA,NA,NA,NA,0
Cysteine,L-Cysteine,HMDB0000574,5862,17561,C00097,5556,N[C@@H](CS)C(O)=O,1
"N,N-Dimethylaniline","N,N-Dimethylaniline",HMDB0001020,949,16269,C02846,5949,CN(C)C1=CC=CC=C1,1
Niacinamide,Niacinamide,HMDB0001406,936,17154,C00153,1497,NC(=O)C1=CC=CN=C1,1
Niacin,Niacinamide,HMDB0001406,936,17154,C00153,1497,NC(=O)C1=CC=CN=C1,1
"N,N-Dimethylsulfamide",NA,NA,NA,NA,NA,NA,NA,0
Thymine,Thymine,HMDB0000262,1135,17821,C00178,290,CC1=CNC(=O)NC1=O,1
2-Thiophenecarboxylic acid,THIOPHENE-2-CARBOXYLIC ACID,HMDB0259027,NA,71241,NA,NA,OC(=O)C1=CC=CS1,1
4-Chlorophenol,4-Chlorophenol,HMDB0246398,NA,28078,C02124,NA,OC1=CC=C(Cl)C=C1,1
4-Amino-2-chloropyridine,NA,NA,NA,NA,NA,NA,NA,0
L-5-Oxoproline,Pyroglutamic acid,HMDB0000267,7405,18183,C01879,3251,OC(=O)[C@@H]1CCC(=O)N1,1
Metformin,"1,1-Dimethylbiguanide",HMDB0001921,4091,6801,C07151,6390,CN(C)C(=N)NC(N)=N,1
5-Fluorouracil,Fluorouracil,HMDB0014684,3385,46345,C07649,NA,FC1=CNC(=O)NC1=O,1
4-Hydroxy-L-proline,4-Hydroxyproline,HMDB0000725,5810,18095,C01157,257,O[C@H]1CN[C@@H](C1)C(O)=O,1
Creatine,Creatine,HMDB0000064,586,16919,C00300,7,CN(CC(O)=O)C(N)=N,1
2-Methylindole,2-Methylindole,HMDB0245234,NA,49402,NA,NA,CC1=CC2=CC=CC=C2N1,1
Leucine,Leucine,HMDB0000687,6106,15603,C00123,24,CC(C)C[C@H](N)C(O)=O,1
Asparagine,L-Asparagine,HMDB0000168,6267,17196,C00152,14,N[C@@H](CC(N)=O)C(O)=O,1
L-Ornithine,Ornithine,HMDB0000214,6262,15729,C00077,27,NCCC[C@H](N)C(O)=O,1
Aspartic acid,L-Aspartic acid,HMDB0000191,5960,17053,C00049,5206,N[C@@H](CC(O)=O)C(O)=O,1
Diglyme,Diglyme,HMDB0251284,8150,46784,NA,NA,COCCOCCOC,1
Benzothiazole,Benzothiazole,HMDB0032930,7222,45993,NA,NA,S1C=NC2=CC=CC=C12,1
Adenine,Adenine,HMDB0000034,190,16708,C00147,85,NC1=C2NC=NC2=NC=N1,1
4-Isopropylaniline,NA,NA,NA,NA,NA,NA,NA,0
Allopurinol,Allopurinol,HMDB0014581,2094,40279,NA,NA,O=C1N=CN=C2NNC=C12,1
1-Methyl-2-pyridinium aldoxime,NA,NA,NA,NA,NA,NA,NA,0
Anthranilic acid,2-Aminobenzoic acid,HMDB0001123,227,30754,C00108,6018,NC1=CC=CC=C1C(O)=O,1
Tyramine,Tyramine,HMDB0000306,5610,15760,C00483,60,NCCC1=CC=C(O)C=C1,1
Urocanic acid,Urocanic acid,HMDB0000301,736715,30817,C00785,298,OC(=O)\C=C\C1=CNC=N1,1
4-Methyl-5-thiazoleethanol,5-(2-Hydroxyethyl)-4-methylthiazole,HMDB0032985,1136,17957,C04294,NA,CC1=C(CCO)SC=N1,1
3-Formylindole,Indole-3-carboxaldehyde,HMDB0029737,10256,28238,C08493,NA,O=CC1=CNC2=C1C=CC=C2,1
(S)-3-Amino-5-methylhexanoic acid,NA,NA,NA,NA,NA,NA,NA,0
Spermidine,Spermidine,HMDB0001257,1102,16610,C00315,254,NCCCCNCCCN,1
Coumarin,Coumarin,HMDB0001218,323,28794,C05851,3525,O=C1OC2=CC=CC=C2C=C1,1
Glutamine,Glutamine,HMDB0000641,5961,18050,C00064,5614,N[C@@H](CCC(N)=O)C(O)=O,1
Lysine,Lysine,HMDB0000182,5962,18019,C00047,5200,NCCCC[C@H](N)C(O)=O,1
Taurine,Taurine,HMDB0000251,1123,15891,C00245,31,NCCS(O)(=O)=O,1
Glutamic acid,Glutamic acid,HMDB0000148,33032,16015,C00025,5174,N[C@@H](CCC(O)=O)C(O)=O,1
Phthalic anhydride,Phthalic anhydride,HMDB0256501,NA,36605,NA,NA,O=C1OC(=O)C2=CC=CC=C12,1
(S)-(+)-Citramailc acid,NA,NA,NA,NA,NA,NA,NA,0
2-Methylbenzothiazole,2-Methylbenzothiazole,HMDB0033001,8446,NA,NA,NA,CC1=NC2=CC=CC=C2S1,1
Methionine,Methionine,HMDB0000696,6137,16643,C00073,5664,CSCC[C@H](N)C(O)=O,1
Methamphetamine,Methamphetamine,HMDB0015517,10836,6809,C07164,NA,CN[C@@H](C)CC1=CC=CC=C1,1
2-Mercapto benzimidazole,NA,NA,NA,NA,NA,NA,NA,0
Benzisothiazolone (BIT),NA,NA,NA,NA,NA,NA,NA,0
Guanine,Guanine,HMDB0000132,764,16235,C00242,315,NC1=NC(=O)C2=C(N1)N=CN2,1
Paracetamol,Acetaminophen,HMDB0001859,1983,46195,C06804,6353,CC(=O)NC1=CC=C(O)C=C1,1
Oxypurinol,Oxypurinol,HMDB0000786,4644,28315,C07599,5752,O=C1NC(=O)C2=CNNC2=N1,1
o-Anisic acid,2-Methoxybenzoic acid,HMDB0032604,11370,421840,NA,NA,COC1=CC=CC=C1C(O)=O,1
m-Anisic-acid,NA,NA,NA,NA,NA,NA,NA,0
Ribitol,Ribitol,HMDB0000508,NA,15963,C00474,316,OC[C@H](O)[C@H](O)[C@H](O)CO,1
L-Cysteine Sulfinic acid,NA,NA,NA,NA,NA,NA,NA,0
Dopamine,Dopamine,HMDB0000073,681,18243,C03758,64,NCCC1=CC(O)=C(O)C=C1,1
Gentisic acid,Gentisic acid,HMDB0000152,3469,17189,C00628,618,OC(=O)C1=C(O)C=CC(O)=C1,1
Histidine,Histidine,HMDB0000177,6274,15971,C00135,21,N[C@@H](CC1=CN=CN1)C(O)=O,1
Orotic acid,Orotic acid,HMDB0000226,967,16742,C00295,318,OC(=O)C1=CC(=O)NC(=O)N1,1
Indole-3-acetonitrile,3-Indoleacetonitrile,HMDB0006524,351795,17566,C02938,NA,N#CCC1=CNC2=C1C=CC=C2,1
Chloridazone-methyl-desphenyl,NA,NA,NA,NA,NA,NA,NA,0
N-Acetylindole,NA,NA,NA,NA,NA,NA,NA,0
6-Methylcoumarin,6-Methylcoumarin,HMDB0032394,7092,563586,NA,NA,CC1=CC2=C(OC(=O)C=C2)C=C1,1
D-Ala-D-ala,D-Alanyl-D-alanine,HMDB0003459,5460362,16576,C00993,6937,C[C@@H](N)C(=O)N[C@H](C)C(O)=O,1
"(3S)-3,7-diaminoheptanoic acid",NA,NA,NA,NA,NA,NA,NA,0
1H-indole-3-carboxylic acid,Indole-3-carboxylic acid,HMDB0003320,69867,24809,C19837,3795,OC(=O)C1=CNC2=CC=CC=C12,1
L-2-Aminoadipic acid,Aminoadipic acid,HMDB0000510,92136,37023,C00956,5496,N[C@@H](CCCC(O)=O)C(O)=O,1
D-Carnitine,D-Carnitine,NA,2724480,NA,C15025,NA,NA,1
Umbelliferone,Umbelliferone,HMDB0029865,5281426,27510,C09315,NA,OC1=CC2=C(C=C1)C=CC(=O)O2,1
"1,6-Anhydro-beta-D-glucose",Levoglucosan,HMDB0000640,2724705,30997,NA,5613,[H][C@@]12OC[C@@H](O1)[C@@H](O)[C@H](O)[C@H]2O,1
Methomyl,Methomyl,HMDB0031804,5353758,6835,C11196,NA,CS\C(C)=N\OC(O)=NC,1
DL-5-Hydroxylysine,NA,NA,NA,NA,NA,NA,NA,0
"N'-(2,4-Dimethylphenyl)-N-methylformamidine",NA,NA,NA,NA,NA,NA,NA,0
2-Coumaric acid,2-Hydroxycinnamic acid,HMDB0002641,637540,18125,C01772,6727,OC(=O)\C=C\C1=C(O)C=CC=C1,1
D-(+)-Fucose,NA,NA,NA,NA,NA,NA,NA,0
Eugenol,Eugenol,HMDB0005809,3314,4917,C10453,4022,COC1=CC(CC=C)=CC=C1O,1
Phenylalanine,Phenylalanine,HMDB0000159,6140,17295,C00079,28,N[C@@H](CC1=CC=CC=C1)C(O)=O,1
3-Methylxanthine,3-Methylxanthine,HMDB0001886,70639,62207,C16357,2820,CN1C2=C(NC=N2)C(=O)NC1=O,1
Dihydrojasmone,Dihydrojasmone,HMDB0031565,62378,NA,NA,NA,CCCCCC1=C(C)CCC1=O,1
Pyridoxal,Pyridoxal,HMDB0001545,1050,17310,C00250,6312,CC1=NC=C(CO)C(C=O)=C1O,1
(R)-(-)-Phenylephrine,NA,NA,NA,NA,NA,NA,NA,0
Phosphoenolpyruvic acid,Phosphoenolpyruvic acid,HMDB0000263,1005,44897,C00074,5264,OC(=O)C(=C)OP(O)(O)=O,1
Norharmane,beta-Carboline,HMDB0012897,64961,109895,C20157,NA,N1C2=CC=CC=C2C2=CC=NC=C12,1
Pyridoxamine,Pyridoxamine,HMDB0001431,1052,16410,C00534,238,CC1=C(O)C(CN)=C(CO)C=N1,1
Pyridoxine,Pyridoxine,HMDB0000239,1054,16709,C00314,5245,CC1=C(O)C(CO)=C(CO)C=N1,1
alpha-Methyl-DL-histidine,NA,NA,NA,NA,NA,NA,NA,0
Atrazine-desethyl-2-hydroxy,NA,NA,NA,NA,NA,NA,NA,0
sn-Glycerol 3-phosphate,Glycerol 3-phosphate,HMDB0000126,439162,15978,C00093,5161,OC[C@@H](O)COP(O)(O)=O,1
Levetiracetam,Levetiracetam,HMDB0015333,441341,352567,C07841,NA,CC[C@@H](N1CCCC1=O)C(N)=O,1
delta-Decalactone,delta-Decalactone,HMDB0037116,12810,87327,NA,NA,CCCCCC1CCCC(=O)O1,1
Metronidazole,Metronidazole,HMDB0015052,4173,6909,C07203,NA,CC1=NC=C(N1CCO)[N+]([O-])=O,1
Glycyl-L-proline,Glycylproline,HMDB0000721,3013625,70744,NA,5689,NCC(=O)N1CCC[C@H]1C(O)=O,1
Sulfanilic acid,Sulfanilic acid,HMDB0258581,NA,27500,C06335,NA,NC1=CC=C(C=C1)S(O)(=O)=O,1
Atrazine-desisopropyl,NA,NA,NA,NA,NA,NA,NA,0
Arginine,L-Arginine,HMDB0000517,6322,16467,C00062,5502,N[C@@H](CCCNC(N)=N)C(O)=O,1
N-alpha-Acetyl-L-ornithine,NA,NA,NA,NA,NA,NA,NA,0
N-Acetyl-DL-aspartic acid,NA,NA,NA,NA,NA,NA,NA,0
5-methoxyindole-3-carbaldehyde,NA,NA,NA,NA,NA,NA,NA,0
Citrulline,Citrulline,HMDB0000904,9750,16349,C00327,16,N[C@@H](CCCNC(N)=O)C(O)=O,1
4-Methylumbelliferone,4-Methylumbelliferone,HMDB0059622,5280567,17224,C03081,NA,CC1=CC(=O)OC2=C1C=CC(O)=C2,1
Serotonin,Serotonin,HMDB0000259,5202,28790,C00780,74,NCCC1=CNC2=C1C=C(O)C=C2,1
1-Benzylpiperazine,1-Benzylpiperazine,HMDB0243838,75994,83537,NA,NA,C(N1CCNCC1)C1=CC=CC=C1,1
Mephedrone,Mephedrone,HMDB0041923,45266826,59331,NA,NA,CNC(C)C(=O)C1=CC=C(C)C=C1,1
Aesculetin,Aesculetin,HMDB0030819,5281416,490095,C09263,NA,OC1=C(O)C=C2C=CC(=O)OC2=C1,1
Cysteinylglycine,Cysteinylglycine,HMDB0000078,439498,4047,C01419,5134,N[C@@H](CS)C(=O)NCC(O)=O,1
2-Methoxycinnamic acid,trans-2-Methoxycinnamic acid,HMDB0302514,734154,136676,NA,NA,[H]\C(=C(\[H])C1=CC=CC=C1OC)C(O)=O,1
Coniferyl aldehyde,Coniferyl aldehyde,METPA0314,NA,NA,C02666,NA,NA,1
Isoproturon-didemethyl,NA,NA,NA,NA,NA,NA,NA,0
S-Carboxymethyl-L-cysteine,S-Carboxymethyl-L-cysteine,HMDB0029415,1080,971853,NA,NA,NC(CSCC(O)=O)C(O)=O,1
Phenanthridine,Phenanthridine,HMDB0256392,NA,36421,NA,NA,C1=CC=C2C(=C1)C=NC1=CC=CC=C21,1
Cyclamate,Cyclamic acid,HMDB0031340,7533,15964,C02824,NA,OS(=O)(=O)NC1CCCCC1,1
D-(+)-Galactosamine,D-(+)-Galactosamine,HMDB0341150,NA,NA,NA,NA,Cl.NC(C=O)C(O)C(O)C(O)CO,1
Salsolinol,Salsolinol,HMDB0042012,91588,113,C09642,NA,[H][C@@]1(C)NCCC2=CC(O)=C(O)C=C12,1
Caffeic acid,Caffeic acid,HMDB0001964,689043,16433,C01481,3316,OC(=O)\C=C\C1=CC(O)=C(O)C=C1,1
ParaXanthine,Paraxanthine,HMDB0001860,4687,25858,C13747,1457,CN1C=NC2=C1C(=O)N(C)C(=O)N2,1
o-Phenanthroline,"1,10-Phenanthroline",HMDB0244053,1318,44975,C00604,NA,C1=CC2=CC=C3C=CC=NC3=C2N=C1,1
Tyrosine,L-Tyrosine,HMDB0000158,6057,17895,C00082,34,N[C@@H](CC1=CC=C(O)C=C1)C(O)=O,1
Syringaldehyde,Syringaldehyde,HMDB0258653,8655,67380,NA,NA,COC1=CC(C=O)=CC(OC)=C1O,1
Sorbitol,Sorbitol,HMDB0000247,5780,17924,C00794,143,OC[C@H](O)[C@@H](O)[C@H](O)[C@H](O)CO,1
D-Sorbitol,Sorbitol,HMDB0000247,5780,17924,C00794,143,OC[C@H](O)[C@@H](O)[C@H](O)[C@H](O)CO,1
Harman,Harman,HMDB0035196,5281404,5623,C09209,NA,CC1=C2NC3=CC=CC=C3C2=CC=N1,1
Phosphocholine,Phosphorylcholine,HMDB0001565,1014,18132,C00588,6326,C[N+](C)(C)CCOP(O)(O)=O,1
Simazine-2-hydroxy,NA,NA,NA,NA,NA,NA,NA,0
"DL-3,4-Dihydroxymandelic acid",NA,NA,NA,NA,NA,NA,NA,0
Metribuzin-diketo,NA,NA,NA,NA,NA,NA,NA,0
3-Phospho-D-glycerate,3-Phosphoglyceric acid,HMDB0000807,724,17050,C00597,150,OC(COP(O)(O)=O)C(O)=O,1
Rhamnose,Rhamnose,HMDB0000849,25310,62346,C00507,5812,C[C@@H]1OC(O)[C@H](O)[C@H](O)[C@H]1O,1
Atrazine-desethyl,"6-Chloro-N-(1-methylethyl)-1,3,5-triazine-2,4-diamine",HMDB0033249,22563,28212,C06559,NA,CC(C)NC1=NC(N)=NC(Cl)=N1,1
Antipyrine,Antipyrine,HMDB0015503,2206,31225,C13244,NA,CN1N(C(=O)C=C1C)C1=CC=CC=C1,1
Propamocarb,Propamocarb,HMDB0341191,NA,NA,NA,NA,CCCOC(=O)NCCCN(C)C,1
"2,6-Dichlorobenzamide","2,6-Dichlorobenzamide",NA,16183,NA,NA,NA,NA,1
alpha-cyano-4-hydroxycinnamic acid,alpha-Cyano-4-hydroxycinnamate,HMDB0248196,2102,NA,NA,NA,OC(=O)C(=CC1=CC=C(O)C=C1)C#N,1
N-Acetyl-DL-glutamic acid,NA,NA,NA,NA,NA,NA,NA,0
"3,4-Dimethoxycinnamic acid","3-(3,4-Dimethoxyphenyl)-2-propenoic acid",HMDB0034315,717531,86549,NA,NA,COC1=C(OC)C=C(\C=C\C(O)=O)C=C1,1
"DL-alpha,epsilon-Diaminopimelic acid",NA,NA,NA,NA,NA,NA,NA,0
5-Hydroxyindole-3-acetic acid,5-Hydroxyindoleacetic acid,HMDB0000763,1826,27823,C05635,2975,OC(=O)CC1=CNC2=C1C=C(O)C=C2,1
Carbendazim,Carbendazim,HMDB0031769,25429,3392,C10897,NA,COC(=O)NC1=NC2=CC=CC=C2N1,1
DEET,Diethyltoluamide,HMDB0250930,4284,7071,C10935,NA,CCN(CC)C(=O)C1=CC=CC(C)=C1,1
DL-Isocitric acid,NA,NA,NA,NA,NA,NA,NA,0
Scopoletin,Scopoletin,HMDB0034344,5280460,17488,C01752,NA,COC1=C(O)C=C2OC(=O)C=CC2=C1,1
Isoproturon-monodemethyl,NA,NA,NA,NA,NA,NA,NA,0
Iminostilbene,Iminostilbene,HMDB0253433,9212,47802,NA,NA,N1C2=CC=CC=C2C=CC2=CC=CC=C12,1
"N,N-Diethyl-4-hydroxybenzamide",NA,NA,NA,NA,NA,NA,NA,0
trans-4-Hydroxy-3-methoxycinnamate,Ferulic acid,HMDB0000954,445858,17620,C01494,4156,COC1=C(O)C=CC(\C=C\C(O)=O)=C1,1
Caffeine,Caffeine,HMDB0001847,2519,27732,C07481,1455,CN1C=NC2=C1C(=O)N(C)C(=O)N2C,1
L-beta-Homotyrosine,NA,NA,NA,NA,NA,NA,NA,0
1-(3-Chlorophenyl)piperazine,m-chlorophenylpiperazine (m-CPP),HMDB0061008,1355,10588,C11738,NA,ClC1=CC(=CC=C1)N1CCNCC1,1
L-(+)-Arginine,L-Arginine,HMDB0000517,6322,16467,C00062,5502,N[C@@H](CCCNC(N)=N)C(O)=O,1
Galactose,D-Galactose,HMDB0000143,439357,28061,C00124,134,OC[C@H]1O[C@H](O)[C@H](O)[C@@H](O)[C@H]1O,1
Atrazine-2-hydroxy,NA,NA,NA,NA,NA,NA,NA,0
Cymoxanil,NA,NA,NA,NA,NA,NA,NA,0
delta-Dodecalactone,xi-5-Dodecanolide,HMDB0037742,12844,NA,NA,NA,CCCCCCCC1CCCC(=O)O1,1
Pyrimethanil,Pyrimethanil,HMDB0033135,91650,8674,C11180,NA,CC1=CC(C)=NC(NC2=CC=CC=C2)=N1,1
Camalexin,Camalexin,HMDB0038631,636970,22990,NA,NA,N1C=C(C2=NC=CS2)C2=CC=CC=C12,1
"N,N-Dimethyl-N'-phenylsulfamide",NA,NA,NA,NA,NA,NA,NA,0
3-Phenoxybenzylalcohol,(3-Phenoxyphenyl)methanol,HMDB0245967,26295,62527,C19800,NA,OCC1=CC(OC2=CC=CC=C2)=CC=C1,1
Cysteine S-sulfate,NA,NA,NA,NA,NA,NA,NA,0
Metamitron,Metamitron,HMDB0254501,38854,6791,C10930,NA,CC1=NN=C(C(=O)N1N)C1=CC=CC=C1,1
Isopentenyl-Adenine,NA,NA,NA,NA,NA,NA,NA,0
Crotamiton,Crotamiton,HMDB0014410,688020,31439,NA,NA,CCN(C(=O)C=CC)C1=CC=CC=C1C,1
Diuron-desdimethyl,NA,NA,NA,NA,NA,NA,NA,0
Levamisole,Levamisole,HMDB0014986,26879,6432,C07070,NA,C1CN2C[C@@H](N=C2S1)C1=CC=CC=C1,1
Tryptophan,L-Tryptophan,HMDB0000929,6305,16828,C00078,5879,N[C@@H](CC1=CNC2=C1C=CC=C2)C(O)=O,1
1-Isothiocyanato-6-(methylsulfinyl)-hexane,NA,NA,NA,NA,NA,NA,NA,0
Methoxyindoleacetic acid,5-Methoxyindoleacetate,HMDB0004096,18986,28281,C05660,7016,COC1=CC2=C(NC=C2CC(O)=O)C=C1,1
Isopentenyladenine,N-(3-Methylbut-2-EN-1-YL)-9H-purin-6-amine,HMDB0245646,92180,17660,C04083,NA,CC(C)=CCNC1=NC=NC2=C1N=CN2,1
Ibuprofen,Ibuprofen,HMDB0001925,3672,5855,C01588,572,CC(C)CC1=CC=C(C=C1)C(C)C(O)=O,1
Isoproturon,ISOPROTURON,HMDB0253682,36679,6049,C11005,NA,CC(C)C1=CC=C(NC(=O)N(C)C)C=C1,1
Benzoylcholine,NA,NA,NA,NA,NA,NA,NA,0
"N,N-Diethyl-4-methoxybenzamide",NA,NA,NA,NA,NA,NA,NA,0
2-Naphthalenesulfonic acid,2-Naphthalenesulfonic acid,HMDB0255446,8420,44229,C16202,NA,OS(=O)(=O)C1=CC2=C(C=CC=C2)C=C1,1
Chalcone,Chalcone,HMDB0003066,637760,48965,C15589,3342,O=C(\C=C\C1=CC=CC=C1)C1=CC=CC=C1,1
Nicotinoylcholine,NA,NA,NA,NA,NA,NA,NA,0
Imidacloprid-urea,NA,NA,NA,NA,NA,NA,NA,0
Atraton,Atraton,HMDB0248713,NA,82220,C19098,NA,CCN=C1NC(NC(OC)=N1)=NC(C)C,1
Chlortoluron,NA,NA,NA,NA,NA,NA,NA,0
Harmine,Harmine,HMDB0030311,5280953,28121,C06538,NA,COC1=CC=C2C(NC3=C2C=CN=C3C)=C1,1
delta-Tridecalactone,NA,NA,NA,NA,NA,NA,NA,0
(+-)-Baclofen,Baclofen,HMDB0014327,2284,2972,NA,NA,NCC(CC(O)=O)C1=CC=C(Cl)C=C1,1
N-Butylbenzenesulfonamide,NA,NA,NA,NA,NA,NA,NA,0
Irgarol-descyclopropyl,NA,NA,NA,NA,NA,NA,NA,0
2-Octyl-3(2H)-isothiazolone,NA,NA,NA,NA,NA,NA,NA,0
Clofibric acid,Clofibric acid,HMDB0250341,2797,34648,C13700,NA,CC(C)(OC1=CC=C(Cl)C=C1)C(O)=O,1
3-Phenoxybenzoic acid,3-Phenoxybenzoic acid,HMDB0041807,19539,72631,NA,NA,OC(=O)C1=CC(OC2=CC=CC=C2)=CC=C1,1
"N,N-Dimethyl-N'-p-tolylsulphamide",NA,NA,NA,NA,NA,NA,NA,0
Metribuzin,Metribuzin,HMDB0254685,30479,34846,C14332,NA,CSC1=NN=C(C(=O)N1N)C(C)(C)C,1
Harmaline,Harmaline,HMDB0030310,3564,28172,C06536,NA,COC1=CC2=C(C=C1)C1=C(N2)C(C)=NCC1,1
2-Benzothiazolsulfonic acid,NA,NA,NA,NA,NA,NA,NA,0
3-Chloro-L-tyrosine,3-Chlorotyrosine,HMDB0001885,119226,NA,NA,6369,NC(CC1=CC(Cl)=C(O)C=C1)C(O)=O,1
Kinetin,Kinetin,HMDB0012245,3830,27407,C08272,NA,C(NC1=NC=NC2=C1NC=N2)C1=CC=CO1,1
Atrazine,Atrazine,HMDB0041830,2256,15930,C06551,NA,CCNC1=NC(Cl)=NC(NC(C)C)=N1,1
Xanthotoxin,Methoxsalen,HMDB0014693,4114,18358,C01864,NA,COC1=C2OC(=O)C=CC2=CC2=C1OC=C2,1
4-Formyl-antipyrine,NA,NA,NA,NA,NA,NA,NA,0
Pymetrozine,Pymetrozine,HMDB0256932,86370,NA,NA,NA,CC1=NNC(=O)N(C1)N=CC1=CN=CC=C1,1
Diuron-desmethyl,NA,NA,NA,NA,NA,NA,NA,0
Primidone,Primidone,HMDB0014932,4909,8412,C07371,NA,CCC1(C(=O)NCNC1=O)C1=CC=CC=C1,1
Meprobamate,Meprobamate,HMDB0014515,4064,199389,NA,NA,CCCC(C)(COC(N)=O)COC(N)=O,1
4-Nitrophenyl phosphate,4-Nitrophenyl phosphate,HMDB0060272,378,17440,C03360,NA,OP(O)(=O)OC1=CC=C(C=C1)[N+]([O-])=O,1
O-Succinyl-L-Homoserine,O-Succinyl-L-homoserine,HMDB0255868,954,NA,C01118,NA,NC(CCOC(=O)CCC(O)=O)C(O)=O,1
1-Isothiocyanato-7-(methylsulfinyl)-heptane,NA,NA,NA,NA,NA,NA,NA,0
Cis-Zeatin,cis-Zeatin,METPA1828,NA,NA,C15545,NA,NA,1
D-(+)-Pantothenic acid,Pantothenic acid,HMDB0000210,6613,46905,C00864,NA,CC(C)(CO)[C@@H](O)C(=O)NCCC(O)=O,1
Ritalinic acid,Ritalinic acid,HMDB0042008,86863,83481,NA,NA,OC(=O)C(C1CCCCN1)C1=CC=CC=C1,1
Dichlorvos,Dichlorvos,HMDB0033956,3039,34690,C14430,NA,COP(=O)(OC)OC=C(Cl)Cl,1
Dicamba,Dicamba,HMDB0251180,NA,81856,C18597,NA,COC1=C(Cl)C=CC(Cl)=C1C(O)=O,1
5-Hydroxytryptophan,5-Hydroxy-L-tryptophan,HMDB0000472,439280,17780,C00643,NA,N[C@@H](CC1=CNC2=C1C=C(O)C=C2)C(O)=O,1
Chloridazon,NA,NA,NA,NA,NA,NA,NA,0
Dihydrozeatin,Dihydrozeatin,HMDB0012215,688447,17874,C02029,NA,C[C@@H](CO)CCNC1=NC=NC2=C1N=CN2,1
Acetamiprid,Acetamiprid,HMDB0247906,213021,39163,NA,NA,CN(CC1=CN=C(Cl)C=C1)C(C)=NC#N,1
cis-Nerolidol,NA,NA,NA,NA,NA,NA,NA,0
4-Hydroxybenzoylcholine,(4-Hydroxybenzoyl)choline,HMDB0029559,151252,NA,NA,NA,C[N+](C)(C)CCOC(O)=C1C=CC(=O)C=C1,1
Cerulenin,Cerulenin,HMDB0015168,5282054,171741,C12058,NA,CC=CCC=CCCC(=O)[C@H]1O[C@H]1C(N)=O,1
Trinexapac,Trinexapac,HMDB0341201,NA,NA,NA,NA,OC(=O)C1CC(=O)C(=C(O)C2CC2)C(=O)C1,1
3-Hydroxy-DL-kynurenine,Hydroxykynurenine,HMDB0000732,89,1547,C02794,5700,NC(CC(=O)C1=C(N)C(O)=CC=C1)C(O)=O,1
Flavanone,Flavanone,HMDB0252292,10251,5070,C00766,NA,O=C1CC(OC2=CC=CC=C12)C1=CC=CC=C1,1
Atenolol-desisopropyl,NA,NA,NA,NA,NA,NA,NA,0
Methiocarb,Methiocarb,HMDB0254529,16248,38508,C18651,NA,CNC(=O)OC1=CC(C)=C(SC)C(C)=C1,1
Cyprodinil,Cyprodinil,HMDB0034853,86367,4045,C10914,NA,CC1=CC(=NC(NC2=CC=CC=C2)=N1)C1CC1,1
Prometon,Prometon,HMDB0256804,4928,34934,C14186,NA,COC1=NC(NC(C)C)=NC(NC(C)C)=N1,1
L-Carnosine,Carnosine,HMDB0000033,439224,15727,C00386,38,NCCC(=O)N[C@@H](CC1=CN=CN1)C(O)=O,1
2'-Deoxycytidine,Deoxycytidine,HMDB0000014,13711,15698,C00881,3367,NC1=NC(=O)N(C=C1)[C@H]1C[C@H](O)[C@@H](CO)O1,1
Ametryn,Ametryn,HMDB0248288,13263,22472,C18700,NA,CCNC1=NC(NC(C)C)=NC(SC)=N1,1
Benzophenone-3,Oxybenzone,HMDB0015497,4632,34283,C14285,NA,COC1=CC(O)=C(C=C1)C(=O)C1=CC=CC=C1,1
Bisphenol A,Bisphenol A,HMDB0032133,6623,33216,C13624,NA,CC(C)(C1=CC=C(O)C=C1)C1=CC=C(O)C=C1,1
Dimethoate,Dimethoate,HMDB0251379,3082,34714,C14326,NA,CNC(=O)CSP(=S)(OC)OC,1
Terbutylazine,Terbutylazine,NA,22206,NA,NA,NA,NA,1
Asulam,Asulam,HMDB0248680,NA,81696,C18350,NA,COC(=O)NS(=O)(=O)C1=CC=C(N)C=C1,1
Naproxen,Naproxen,HMDB0001923,156391,7476,C01517,1461,COC1=CC2=C(C=C1)C=C(C=C2)[C@H](C)C(O)=O,1
1-(3-(Trifluoromethyl)phenyl)piperazine,NA,NA,NA,NA,NA,NA,NA,0
Propyphenazon,NA,NA,NA,NA,NA,NA,NA,0
2-(2-(Chlorophenyl)amino)benzaldehyde,NA,NA,NA,NA,NA,NA,NA,0
4-Formylaminoantipyrine,4-Formylaminoantipyrine,HMDB0246429,NA,83526,NA,NA,CN1N(C(=O)C(N=CO)=C1C)C1=CC=CC=C1,1
Aminopyrine,Aminophenazone,HMDB0015493,6009,160246,C07539,NA,CN(C)C1=C(C)N(C)N(C1=O)C1=CC=CC=C1,1
Diuron,Diuron,HMDB0251497,3120,116509,C18428,NA,CN(C)C(=O)NC1=CC=C(Cl)C(Cl)=C1,1
1-Isothiocyanato-8-(methylsulfinyl)-octane,NA,NA,NA,NA,NA,NA,NA,0
Cinnamoylcholine,NA,NA,NA,NA,NA,NA,NA,0
Metolachlor morpholinone,NA,NA,NA,NA,NA,NA,NA,0
Tebutam,NA,NA,NA,NA,NA,NA,NA,0
Lenacil,NA,NA,NA,NA,NA,NA,NA,0
Lidocaine,Lidocaine,HMDB0014426,3676,6456,C07073,NA,CCN(CC)CC(=O)NC1=C(C)C=CC=C1C,1
Carbamazepine,Carbamazepine,HMDB0014704,2554,3387,C06868,NA,NC(=O)N1C2=CC=CC=C2C=CC2=CC=CC=C12,1
Carbetamide,Carbetamide,HMDB0341294,NA,NA,NA,NA,[H][C@](C)(OC(O)=NC1=CC=CC=C1)C(O)=NCC,1
Ketamine,Ketamine,HMDB0015352,3821,6121,C07525,NA,CNC1(CCCCC1=O)C1=CC=CC=C1Cl,1
"N,N-Diethyl-3,4-dimethoxybenzamide",NA,NA,NA,NA,NA,NA,NA,0
7-Hydroxyflavone,NA,NA,NA,NA,NA,NA,NA,0
"3,4,5-Trimethoxycinnamic acid","3,4,5-Trimethoxycinnamic acid",HMDB0002511,735755,NA,NA,6705,COC1=CC(\C=C\C(O)=O)=CC(OC)=C1OC,1
Pirimicarb,Pirimicarb,HMDB0256598,31645,8248,C11079,NA,CN(C)C(=O)OC1=NC(=NC(C)=C1C)N(C)C,1
Clomazone,Clomazone,HMDB0250348,NA,3751,C11095,NA,CC1(C)CON(CC2=C(Cl)C=CC=C2)C1=O,1
Bupropion,Bupropion,HMDB0001510,444,3219,C06860,1435,CC(NC(C)(C)C)C(=O)C1=CC(Cl)=CC=C1,1
Albuterol,Salbutamol,HMDB0001937,2083,2549,C11770,799,CC(C)(C)NCC(O)C1=CC(CO)=C(O)C=C1,1
Cystine,Cystine,HMDB0250712,595,17376,C01420,NA,NC(CSSCC(N)C(O)=O)C(O)=O,1
Bentazone,Bentazone,HMDB0248965,2328,3018,C10965,NA,CC(C)N1C(=O)C2=CC=CC=C2NS1(=O)=O,1
Cyanazine,Cyanazine,HMDB0250604,30773,38069,C14299,NA,CCN=C1NC(NC(C)(C)C#N)=NC(Cl)=N1,1
L-Anserine,Anserine,HMDB0000194,112072,18323,C01262,5209,CN1C=NC=C1C[C@H](NC(=O)CCN)C(O)=O,1
Methiocarb-sulfoxide,NA,NA,NA,NA,NA,NA,NA,0
Mefenamic acid,Mefenamic acid,HMDB0014922,4044,6717,C02168,NA,CC1=C(C)C(NC2=CC=CC=C2C(O)=O)=CC=C1,1
Prometryn,Prometryn,HMDB0256805,4929,26276,C18542,NA,CSC1=NC(NC(N1)=NC(C)C)=NC(C)C,1
alpha-Lapachone,NA,NA,NA,NA,NA,NA,NA,0
Cytidine,Cytidine,HMDB0000089,6175,17562,C00475,3376,NC1=NC(=O)N(C=C1)[C@@H]1O[C@H](CO)[C@@H](O)[C@H]1O,1
Uridine,Uridine,HMDB0000296,6029,16704,C00299,90,OC[C@H]1O[C@H]([C@H](O)[C@@H]1O)N1C=CC(=O)NC1=O,1
Biotin,Biotin,HMDB0000030,171548,15956,C00120,243,[H][C@]12CS[C@@H](CCCCC(O)=O)[C@@]1([H])NC(=O)N2,1
N1-Acetylspermine,N1-Acetylspermine,HMDB0001186,916,17312,C02567,3369,CC(=O)NCCCNCCCCNCCCN,1
4-Acetamidoantipyrine,4-Acetamidoantipyrine,HMDB0246326,65743,83513,NA,NA,CN1N(C(=O)C(NC(C)=O)=C1C)C1=CC=CC=C1,1
Indole-3-acetyl-L-alanine,NA,NA,NA,NA,NA,NA,NA,0
Santonin,NA,NA,NA,NA,NA,NA,NA,0
Pyridoxal 5-phosphate,Pyridoxal 5'-phosphate,HMDB0001491,1051,18405,C00018,6275,CC1=NC=C(COP(O)(O)=O)C(C=O)=C1O,1
1-Isothiocyanato-9-(methylsulfinyl)-nonane,1-Isothiocyanato-9-(methylsulfinyl)-nonane,HMDB0341114,NA,NA,NA,NA,CS(=O)CCCCCCCCCN=C=S,1
Linuron,Linuron,HMDB0254109,9502,6482,C11007,NA,CON(C)C(=O)NC1=CC=C(Cl)C(Cl)=C1,1
Pyrimethamine,Pyrimethamine,HMDB0014350,4993,8673,C07391,NA,CCC1=C(C(N)=NC(N)=N1)C1=CC=C(Cl)C=C1,1
Pindolol,Pindolol,HMDB0015095,4828,8214,C07445,NA,CC(C)NCC(O)COC1=CC=CC2=C1C=CN2,1
Clothianidin,NA,NA,NA,NA,NA,NA,NA,0
4-Coumaroylcholine,NA,NA,NA,NA,NA,NA,NA,0
"N,O-Didesmethylvenlafaxine","N,O-Didesmethylvenlafaxine",HMDB0060852,3451347,83529,NA,NA,CNCC(C1=CC=C(O)C=C1)C1(O)CCCCC1,1
Sulfadiazine,Sulfadiazine,HMDB0014503,5215,9328,C07658,NA,NC1=CC=C(C=C1)S(=O)(=O)NC1=NC=CC=N1,1
gamma-Glu-Cys,gamma-Glutamylcysteine,HMDB0001049,123938,17515,C00669,5966,N[C@@H](CCC(=O)N[C@@H](CS)C(O)=O)C(O)=O,1
2'-Deoxyadenosine,Deoxyadenosine,HMDB0000101,13730,17256,C00559,3382,NC1=C2N=CN([C@H]3C[C@H](O)[C@@H](CO)O3)C2=NC=N1,1
Dimethachlor OXA,NA,NA,NA,NA,NA,NA,NA,0
Prosulfocarb,NA,NA,NA,NA,NA,NA,NA,0
Thiacloprid,Thiacloprid,HMDB0258967,115224,39175,NA,NA,ClC1=NC=C(CN2CCSC2=NC#N)C=C1,1
"Carbamazepine-10,11-epoxide","Carbamazepine-10,11-epoxide",HMDB0060658,2555,3388,C07496,NA,NC(=O)N1C2=CC=CC=C2C2OC2C2=CC=CC=C12,1
Trinexapac-ethyl,Trinexapac-ethyl,HMDB0259248,NA,81817,C18541,NA,CCOC(=O)C1CC(=O)C(=C(O)C2CC2)C(=O)C1,1
Estriol,Estriol,HMDB0000153,5756,27974,C05141,2581,[H][C@@]12C[C@@H](O)[C@H](O)[C@@]1(C)CC[C@]1([H])C3=C(CC[C@@]21[H])C=C(O)C=C3,1
Sulfamethoxazole,Sulfamethoxazole,HMDB0015150,5329,9332,C07315,NA,CC1=CC(NS(=O)(=O)C2=CC=C(N)C=C2)=NO1,1
Irgarol,NA,NA,NA,NA,NA,NA,NA,0
Chrysin,"5,7-Dihydroxyflavone",HMDB0036619,5281607,75095,C10028,NA,OC1=CC(O)=C2C(=O)C=C(OC2=C1)C1=CC=CC=C1,1
Ketoprofen,Ketoprofen,HMDB0015144,3825,6128,C01716,NA,CC(C(O)=O)C1=CC(=CC=C1)C(=O)C1=CC=CC=C1,1
alpha-Estradiol,17alpha-Estradiol,HMDB0000429,68570,17160,C02537,5418,[H][C@@]12CC[C@@H](O)[C@@]1(C)CC[C@]1([H])C3=C(CC[C@@]21[H])C=C(O)C=C3,1
Epiandrosterone,Epiandrosterone,HMDB0000365,11055399,NA,C07635,NA,[H][C@@]12CCC(=O)[C@@]1(C)CC[C@@]1([H])[C@@]2([H])CCC2C[C@@H](O)CC[C@]12C,1
Triclopyr,TRICLOPYR,HMDB0259186,NA,9682,C11032,NA,OC(=O)COC1=NC(Cl)=C(Cl)C=C1Cl,1
Lamotrigine,Lamotrigine,HMDB0014695,3878,6367,NA,NA,NC1=NC(N)=C(N=N1)C1=C(Cl)C(Cl)=CC=C1,1
Sulfathiazole,Sulfathiazole,HMDB0015619,5340,9337,C11169,NA,NC1=CC=C(C=C1)S(=O)(=O)NC1=NC=CS1,1
Amfenac,Amfenac,HMDB0248289,2136,75915,NA,NA,NC1=C(C=CC=C1CC(O)=O)C(=O)C1=CC=CC=C1,1
Dimethachlor,Dimethachlor,HMDB0341155,NA,NA,NA,NA,COCCN(C(=O)CCl)C1=C(C)C=CC=C1C,1
Atomoxetine,Atomoxetine,HMDB0014434,54841,127342,NA,NA,CNCC[C@@H](OC1=CC=CC=C1C)C1=CC=CC=C1,1
Ethofumesate-2-keto,NA,NA,NA,NA,NA,NA,NA,0
"5-beta-Androstane-3-alpha,17-beta-diol",NA,NA,NA,NA,NA,NA,NA,0
Orbencarb,NA,NA,NA,NA,NA,NA,NA,0
Propachlor ESA,NA,NA,NA,NA,NA,NA,NA,0
"5,6-Dimethoxynaphtol[2,3-b]furan-4,9-dione",NA,NA,NA,NA,NA,NA,NA,0
3-Hydroxy-beta-lapachone,NA,NA,NA,NA,NA,NA,NA,0
D-Glucosamine-6-phosphate,D-Glucosamine-6-phosphate,HMDB0250754,4201865,NA,NA,NA,NC(C=O)C(O)C(O)C(O)COP(O)(O)=O,1
Propranolol,Propranolol,HMDB0001849,4946,8499,C07407,2170,CC(C)NCC(O)COC1=CC=CC2=CC=CC=C12,1
Bromacil,Bromacil,NA,9411,NA,NA,NA,NA,1
alpha-D-Glucose 6-phosphate,alpha-D-glucose 6-phosphate,HMDB0304534,4459709,NA,NA,NA,OC1OC(COP([O-])([O-])=O)C(O)C(O)C1O,1
Cyclophosphamide,Cyclophosphamide,HMDB0014672,2907,4027,C07888,NA,ClCCN(CCCl)P1(=O)NCCCO1,1
D-Sorbitol 6-phosphate,Sorbitol-6-phosphate,HMDB0005831,618,743019,C01096,NA,OCC(O)C(O)C(O)C(O)COP(O)(O)=O,1
Gemcitabine,Gemcitabine,HMDB0014584,60750,175901,C07650,NA,NC1=NC(=O)N(C=C1)[C@@H]1O[C@H](CO)[C@@H](O)C1(F)F,1
Dioxoaminopyrine,NA,NA,NA,NA,NA,NA,NA,0
"2',2'-Difluoro-2'-deoxyuridine","2',2'-Difluorodeoxyuridine",HMDB0060727,92021386,NA,NA,NA,OC[C@@H]1O[C@H](N2C=CC(O)=NC2=O)C(F)(F)[C@@H]1O,1
Thiamine,Thiamine,HMDB0000235,1130,18385,C00378,5242,CC1=C(CCO)SC=[N+]1CC1=CN=C(C)N=C1N,1
Tetracaine,Tetracaine,HMDB0258868,5411,9468,C07526,NA,CCCCNC1=CC=C(C=C1)C(=O)OCCN(C)C,1
Caffeoylcholine,NA,NA,NA,NA,NA,NA,NA,0
Atenolol,Atenolol,HMDB0001924,2249,2904,C13235,1128,CC(C)NCC(O)COC1=CC=C(CC(N)=O)C=C1,1
"1,4-Androstadiene-3,17-dione",Boldione,HMDB0003422,13472,40799,C20144,NA,[H][C@@]12CCC(=O)[C@@]1(C)CC[C@@]1([H])[C@@]2([H])CCC2=CC(=O)C=C[C@]12C,1
Adenosine,Adenosine,HMDB0000050,60961,16335,C00212,86,NC1=C2N=CN([C@@H]3O[C@H](CO)[C@@H](O)[C@H]3O)C2=NC=N1,1
Apomorphine,Apomorphine,HMDB0014852,6005,48538,NA,NA,[H][C@]12CC3=C(C(O)=C(O)C=C3)C3=CC=CC(CCN1C)=C23,1
Metoprolol,Metoprolol,HMDB0001932,4171,6904,C07202,1250,COCCC1=CC=C(OCC(O)CNC(C)C)C=C1,1
L-Homocystine,L-Homocystine,HMDB0000676,69382,89698,C01817,NA,NC(CCSSCC[C@H](N)C(O)=O)C(O)=O,1
Formononetin,Formononetin,HMDB0005808,5280378,18088,C00858,NA,COC1=CC=C(C=C1)C1=COC2=C(C=CC(O)=C2)C1=O,1
Moclobemide,Moclobemide,HMDB0015302,4235,83531,NA,NA,ClC1=CC=C(C=C1)C(=O)NCCN1CCOCC1,1
Acetochlor,Acetochlor,HMDB0247910,NA,2394,C10925,NA,CCOCN(C(=O)CCl)C1=C(C)C=CC=C1CC,1
Thiacloprid-amide,NA,NA,NA,NA,NA,NA,NA,0
Apigenin,Apigenin,HMDB0002124,5280443,18388,C01477,3397,OC1=CC=C(C=C1)C1=CC(=O)C2=C(O)C=C(O)C=C2O1,1
"10,11-trans-Dihydroxy-10,11-dihydrocarbamazepine",NA,NA,NA,NA,NA,NA,NA,0
Dehydroepiandrosterone,Dehydroepiandrosterone,HMDB0000077,5881,28689,C01227,5133,[H][C@@]12CCC(=O)[C@@]1(C)CC[C@@]1([H])[C@@]2([H])CC=C2C[C@@H](O)CC[C@]12C,1
Dimethenamid OXA,NA,NA,NA,NA,NA,NA,NA,0
Napropamid,NA,NA,NA,NA,NA,NA,NA,0
Dextromethorphan,Dextromethorphan,HMDB0001920,5362449,146176,C06947,NA,[H][C@@]12CCCC[C@@]11CCN(C)[C@@H]2CC2=C1C=C(OC)C=C2,1
Naringenin,Naringenin,HMDB0002670,439246,17846,C00509,3401,OC1=CC=C(C=C1)[C@@H]1CC(=O)C2=C(O1)C=C(O)C=C2O,1
Phloretin,Phloretin,HMDB0003306,4788,17276,C00774,3405,OC1=CC=C(CCC(=O)C2=C(O)C=C(O)C=C2O)C=C1,1
Sotalol,Sotalol,HMDB0014632,5253,63622,C07309,NA,CC(C)NCC(O)C1=CC=C(NS(C)(=O)=O)C=C1,1
Galaxolidone,NA,NA,NA,NA,NA,NA,NA,0
5-beta-Androstan-17-beta-ol-3-one,NA,NA,NA,NA,NA,NA,NA,0
Metazachlor OXA,NA,NA,NA,NA,NA,NA,NA,0
Phenylbenzimidazolesulfonic acid,NA,NA,NA,NA,NA,NA,NA,0
Ormetoprim,NA,NA,NA,NA,NA,NA,NA,0
Nandrolone,Nandrolone,HMDB0002725,9904,7466,C07254,1434,[H][C@@]12CC[C@H](O)[C@@]1(C)CC[C@]1([H])[C@@]3([H])CCC(=O)C=C3CC[C@@]21[H],1
Dimethenamid-P,NA,NA,NA,NA,NA,NA,NA,0
Triethyl citrate,Triethyl citrate,HMDB0034263,6506,NA,NA,NA,CCOC(=O)CC(O)(CC(=O)OCC)C(=O)OCC,1
L-Saccharopine,Saccharopine,HMDB0000279,160556,16927,C00449,383,N[C@@H](CCCCN[C@@H](CCC(O)=O)C(O)=O)C(O)=O,1
Metazachlor,Metazachlor,HMDB0254508,49384,6798,C10948,NA,CC1=CC=CC(C)=C1N(CN1C=CC=N1)C(=O)CCl,1
Amitriptyline,Amitriptyline,HMDB0014466,2160,2666,C06824,NA,CN(C)CCC=C1C2=CC=CC=C2CCC2=CC=CC=C12,1
Venlafaxine,Venlafaxine,HMDB0005016,5656,9943,C07187,3005,COC1=CC=C(C=C1)C(CN(C)C)C1(O)CCCCC1,1
Sulfamethazine,Sulfamethazine,HMDB0015522,5327,102265,C19530,NA,CC1=CC(C)=NC(NS(=O)(=O)C2=CC=C(N)C=C2)=N1,1
Triphenylphosphine oxid,NA,NA,NA,NA,NA,NA,NA,0
Metalaxyl,(Â±)-Metalaxyl,HMDB0031802,42586,82790,C10947,NA,COCC(=O)N(C(C)C(=O)OC)C1=C(C)C=CC=C1C,1
Oxamniquine,Oxamniquine,HMDB0015228,4612,78416,C07341,NA,CC(C)NCC1CCC2=CC(CO)=C(C=C2N1)[N+]([O-])=O,1
Brefeldin-A,NA,NA,NA,NA,NA,NA,NA,0
Iodocarb,3-Iodo-2-propynyl butylcarbamate,HMDB0246958,62097,83279,NA,NA,CCCCNC(=O)OCC#CI,1
Flufenamic acid,Flufenamic acid,HMDB0252331,3371,42638,C13038,NA,OC(=O)C1=CC=CC=C1NC1=CC(=CC=C1)C(F)(F)F,1
Pendimethalin,Pendimethalin,HMDB0256221,38479,83569,C11019,NA,CCC(CC)NC1=C(C=C(C)C(C)=C1[N+]([O-])=O)[N+]([O-])=O,1
Artemisinin,NA,NA,NA,NA,NA,NA,NA,0
Guanosine,Guanosine,HMDB0000133,6802,16750,C00387,87,NC1=NC2=C(N=CN2[C@@H]2O[C@H](CO)[C@@H](O)[C@H]2O)C(=O)N1,1
Metolachlor,Metolachlor,HMDB0254678,NA,83645,C10953,NA,CCC1=CC=CC(C)=C1N(C(C)COC)C(=O)CCl,1
Tris(2-chloroethyl)phosphate,NA,NA,NA,NA,NA,NA,NA,0
Biochanin A,Biochanin A,HMDB0002338,5280373,17574,C00814,NA,COC1=CC=C(C=C1)C1=COC2=CC(O)=CC(O)=C2C1=O,1
Diazepam,Diazepam,HMDB0014967,3016,49575,C06948,NA,CN1C2=C(C=C(Cl)C=C2)C(=NCC1=O)C1=CC=CC=C1,1
Oseltamivir carboxylate,"1-Isopropyl-2,3-dimethylcyclopentane",HMDB0035141,544190,NA,NA,NA,CC(C)C1CCC(C)C1C,1
Morphine,Morphine,HMDB0014440,5288826,17303,C01516,NA,[H][C@@]12OC3=C(O)C=CC4=C3[C@@]11CCN(C)[C@]([H])(C4)[C@]1([H])C=C[C@@H]2O,1
Pyrilamine,Mepyramine,HMDB0015639,4992,6762,C11798,NA,COC1=CC=C(CN(CCN(C)C)C2=NC=CC=C2)C=C1,1
Cyanidin,Cyanidin,HMDB0002708,128861,27843,C05905,3413,OC1=CC(O)=C2C=C(O)C(=[O+]C2=C1)C1=CC(O)=C(O)C=C1,1
Claussequinone,Claussequinone,NA,100072,NA,NA,NA,COC1=CC(=O)C(C2COc3cc(O)ccc3C2)=CC1=O,1
Ethofumesate,Ethofumesate,HMDB0252019,NA,83768,C18829,NA,CCOC1OC2=CC=C(OS(C)(=O)=O)C=C2C1(C)C,1
Androstenedione,Androstenedione,HMDB0000053,6128,16422,C00280,2795,[H][C@@]12CCC(=O)[C@@]1(C)CC[C@@]1([H])[C@@]2([H])CCC2=CC(=O)CC[C@]12C,1
Etodolac,Etodolac,HMDB0014887,3308,4909,C06991,NA,CCC1=C2NC3=C(CCOC3(CC)CC(O)=O)C2=CC=C1,1
Eriodictyol,Eriodictyol,HMDB0005810,440735,28412,C05631,3415,OC1=CC(O)=C2C(=O)C[C@H](OC2=C1)C1=CC=C(O)C(O)=C1,1
Myclobutanil,NA,NA,NA,NA,NA,NA,NA,0
Diazoxon,Diazoxon,HMDB0251156,NA,83533,NA,NA,CCOP(=O)(OCC)OC1=NC(=NC(C)=C1)C(C)C,1
N-(3-Indolylacetyl)-L-isoleucine,NA,NA,NA,NA,NA,NA,NA,0
Epitestosterone,Epitestosterone,HMDB0000628,10204,42534,C00535,5601,[H][C@@]12CC[C@@H](O)[C@@]1(C)CC[C@@]1([H])[C@@]2([H])CCC2=CC(=O)CC[C@]12C,1
Benzoylecgonine,Benzoyl ecgonine,HMDB0041836,442997,41001,C10847,NA,[H][C@@]1(CC2CCC([C@@H]1C(O)=O)N2C)OC(=O)C1=CC=CC=C1,1
(-)-Epicatechin,Epicatechin,HMDB0001871,72276,90,C09727,3420,O[C@@H]1CC2=C(O)C=C(O)C=C2O[C@@H]1C1=CC(O)=C(O)C=C1,1
Chloroxuron,Chloroxuron,HMDB0250129,16115,82200,NA,NA,CN(C)C(=O)NC1=CC=C(OC2=CC=C(Cl)C=C2)C=C1,1
Indole-3-acetyl-L-aspartic acid,L-N-(1H-Indol-3-ylacetyl)aspartic acid,HMDB0038666,4656408,NA,NA,NA,OC(=O)CC(NC(=O)CC1=CNC2=C1C=CC=C2)C(O)=O,1
Trimethoprim,Trimethoprim,HMDB0014583,5578,45924,C01965,NA,COC1=CC(CC2=CN=C(N)N=C2N)=CC(OC)=C1OC,1
D617,NA,NA,NA,NA,NA,NA,NA,0
Dihydrotestosterone,Dihydrotestosterone,HMDB0002961,10635,16330,C03917,2789,[H][C@@]12CC[C@H](O)[C@@]1(C)CC[C@@]1([H])[C@@]2([H])CC[C@@]2([H])CC(=O)CC[C@]12C,1
Cyproconazole,Cyproconazole,HMDB0250696,86132,83748,C18456,NA,CC(C1CC1)C(O)(CN1C=NC=N1)C1=CC=C(Cl)C=C1,1
N4-Acetylsulfadiazine,NA,NA,NA,NA,NA,NA,NA,0
Climbazol,NA,NA,NA,NA,NA,NA,NA,0
Oxaprozin,Oxaprozin,HMDB0015126,4614,7822,C07356,NA,OC(=O)CCC1=NC(=C(O1)C1=CC=CC=C1)C1=CC=CC=C1,1
Amitraz,Amitraz,HMDB0248337,36324,2665,NA,NA,CN(C=NC1=C(C)C=C(C)C=C1)C=NC1=C(C)C=C(C)C=C1,1
Gingerol,Gingerol,HMDB0005783,3473,NA,C10462,NA,CCCCCC(O)CC(=O)CCC1=CC=C(O)C(OC)=C1,1
Cinchonine,Cinchonine,NA,90454,NA,NA,NA,NA,1
Trimipramine,Trimipramine,HMDB0014864,5584,9738,NA,NA,CC(CN(C)C)CN1C2=CC=CC=C2CCC2=CC=CC=C12,1
Diclofenac,Diclofenac,HMDB0014724,3033,47381,C01690,NA,OC(=O)CC1=CC=CC=C1NC1=C(Cl)C=CC=C1Cl,1
N4-Acetylsulfamethoxazole,N4-Acetylsulfamethoxazole,HMDB0013854,80641,31169,C13061,NA,CC(O)=NC1=CC=C(C=C1)S(=O)(=O)NC1=NOC(C)=C1,1
Pethoxamide,NA,NA,NA,NA,NA,NA,NA,0
Imazalil,Enilconazole,HMDB0031794,37175,83829,C18739,NA,ClC1=CC(Cl)=C(C=C1)C(CN1C=CN=C1)OCC=C,1
Exemestane,Exemestane,HMDB0015125,60198,4953,C08162,NA,[H][C@@]12CCC(=O)[C@@]1(C)CC[C@@]1([H])[C@@]2([H])CC(=C)C2=CC(=O)C=C[C@]12C,1
"Phytol,mixture of isomers",NA,NA,NA,NA,NA,NA,NA,0
N4-Acetylsulfathiazole,NA,NA,NA,NA,NA,NA,NA,0
5'-S-Methylthioadenosine,NA,NA,NA,NA,NA,NA,NA,0
Spiroxamine,Spiroxamine,HMDB0258432,NA,9242,C11124,NA,CCCN(CC)CC1COC2(CCC(CC2)C(C)(C)C)O1,1
Fenbendazole,Fenbendazole,HMDB0029745,3334,77092,NA,NA,COC(=O)NC1=NC2=C(N1)C=CC(SC1=CC=CC=C1)=C2,1
Metoclopramide,Metoclopramide,HMDB0015363,4168,107736,C07868,NA,CCN(CC)CCNC(=O)C1=CC(Cl)=C(N)C=C1OC,1
Codeine,Codeine,HMDB0004995,5284371,16714,C06174,498,[H][C@@]12OC3=C(OC)C=CC4=C3[C@@]11CCN(C)[C@]([H])(C4)[C@]1([H])C=C[C@@H]2O,1
DErySphingosine,NA,NA,NA,NA,NA,NA,NA,0
Kaempferide,Kaempferide,HMDB0037441,5281666,6099,C10098,NA,COC1=CC=C(C=C1)C1=C(O)C(=O)C2=C(O)C=C(O)C=C2O1,1
Temazepam,Temazepam,HMDB0014376,5391,195909,C07125,NA,CN1C2=C(C=C(Cl)C=C2)C(=NC(O)C1=O)C1=CC=CC=C1,1
Methyl-3-[(2-nitrobenzoyl)amino]benzoate,NA,NA,NA,NA,NA,NA,NA,0
Phenmedipham,Phenmedipham,HMDB0256405,NA,81734,C18420,NA,COC(O)=NC1=CC(OC(O)=NC2=CC=CC(C)=C2)=CC=C1,1
all-trans-Retinoic acid,all-trans-Retinoic acid,HMDB0001852,444795,15367,C00777,2277,C\C(\C=C\C1=C(C)CCCC1(C)C)=C/C=C/C(/C)=C/C(O)=O,1
Dimethachlor ESA,NA,NA,NA,NA,NA,NA,NA,0
Fenoxycarb,Fenoxycarb,HMDB0252212,51605,5009,C11078,NA,CCOC(=O)NCCOC1=CC=C(OC2=CC=CC=C2)C=C1,1
Quercetin,Quercetin,HMDB0005794,5280343,16243,C00389,NA,OC1=CC(O)=C2C(OC(=C(O)C2=O)C2=CC(O)=C(O)C=C2)=C1,1
PIPES,Pipes,HMDB0256581,NA,44933,NA,NA,OS(=O)(=O)CCN1CCN(CCS(O)(=O)=O)CC1,1
Hesperetin,Hesperetin,HMDB0005782,72281,28230,C01709,NA,COC1=C(O)C=C(C=C1)[C@@H]1CC(=O)C2=C(O)C=C(O)C=C2O1,1
Cocaine,Cocaine,HMDB0015043,446220,27958,C01416,NA,[H][C@]12CC[C@]([H])([C@H]([C@H](C1)OC(=O)C1=CC=CC=C1)C(=O)OC)N2C,1
Fenpropimorph,Fenpropimorph,HMDB0037270,11833620,50146,NA,NA,C[C@H](CN1C[C@H](C)O[C@H](C)C1)CC1=CC=C(C=C1)C(C)(C)C,1
"Thymidine-3',5'-cyclic monophosphate",NA,NA,NA,NA,NA,NA,NA,0
Diazinon,Diazinon,HMDB0032943,3017,34682,C14324,NA,CCOP(=S)(OCC)OC1=NC(=NC(C)=C1)C(C)C,1
Pirimiphos-methyl,Pirimiphos-methyl,HMDB0256600,34526,38843,C18403,NA,CCN(CC)C1=NC(OP(=S)(OC)OC)=CC(C)=N1,1
Imazamox,Imazamox,HMDB0253404,86137,83742,C18598,NA,COCC1=CN=C(C2=NC(C)(C(C)C)C(=O)N2)C(=C1)C(O)=O,1
Capsaicin,Capsaicin,HMDB0002227,1548943,3374,C06866,NA,COC1=C(O)C=CC(CNC(=O)CCCC\C=C\C(C)C)=C1,1
Fluconazole,Fluconazole,HMDB0014342,3365,46081,NA,NA,OC(CN1C=NC=N1)(CN1C=NC=N1)C1=C(F)C=C(F)C=C1,1
Quinoxyfen,Quinoxyfen,HMDB0257055,NA,82040,C18892,NA,FC1=CC=C(OC2=CC=NC3=CC(Cl)=CC(Cl)=C23)C=C1,1
Clopidogrel carboxylic acid,Clopidogrel carboxylic acid,HMDB0250357,4129546,83504,NA,NA,OC(=O)C(N1CCC2=C(C1)C=CS2)C1=CC=CC=C1Cl,1
L-Glutathione (reduced form),NA,NA,NA,NA,NA,NA,NA,0
Tebuconazole,Tebuconazole,HMDB0258762,NA,83779,C18489,NA,CC(C)(C)C(O)(CCC1=CC=C(Cl)C=C1)CN1C=NC=N1,1
Dihydrocapsaicin,Dihydrocapsaicin,HMDB0038457,107982,46932,C16952,NA,COC1=C(O)C=CC(CNC(=O)CCCCCCC(C)C)=C1,1
Nimesulide,Nimesulide,HMDB0255611,4495,44445,NA,NA,CS(=O)(=O)NC1=C(OC2=CC=CC=C2)C=C(C=C1)[N+]([O-])=O,1
Warfarin,Warfarin,HMDB0001935,54678486,87732,C01541,3031,CC(=O)CC(C1=CC=CC=C1)C1=C(O)C2=C(OC1=O)C=CC=C2,1
Fluoxetine,Fluoxetine,HMDB0014615,3386,86990,NA,NA,CNCCC(OC1=CC=C(C=C1)C(F)(F)F)C1=CC=CC=C1,1
Methadone,Methadone,HMDB0014477,4095,167309,C07163,NA,CCC(=O)C(CC(C)N(C)C)(C1=CC=CC=C1)C1=CC=CC=C1,1
Sulfadimethoxine,Sulfadimethoxine,HMDB0015621,5323,32161,NA,NA,COC1=NC(OC)=NC(NS(=O)(=O)C2=CC=C(N)C=C2)=C1,1
Adiphenine,Adiphenine,NA,2031,NA,NA,NA,NA,1
Praziquantel,Praziquantel,HMDB0015191,4891,199024,C07367,NA,O=C(C1CCCCC1)N1CC2N(CCC3=CC=CC=C23)C(=O)C1,1
Oseltamivir,Oseltamivir,HMDB0014343,65028,7798,C08092,NA,CCOC(=O)C1=C[C@@H](OC(CC)CC)[C@H](NC(C)=O)[C@@H](N)C1,1
Triclocarban,Triclocarban,HMDB0240702,7547,48347,NA,NA,ClC1=CC=C(NC(=O)NC2=CC(Cl)=C(Cl)C=C2)C=C1,1
Velutin,Velutin,NA,5464381,NA,NA,NA,COc1cc(O)c2c(=O)cc(-c3ccc(O)c(OC)c3)oc2c1,1
Ranitidine,Ranitidine,HMDB0001930,3001055,8776,D00673,2249,CN\C(NCCSCC1=CC=C(CN(C)C)O1)=C/[N+]([O-])=O,1
Safranin,NA,NA,NA,NA,NA,NA,NA,0
Progesterone,Progesterone,HMDB0001830,5994,17026,C00410,402,[H][C@@]12CC[C@H](C(C)=O)[C@@]1(C)CC[C@@]1([H])[C@@]2([H])CCC2=CC(=O)CC[C@]12C,1
Flusilazole,Flusilazole,HMDB0039815,73675,81922,C18733,NA,C[Si](CN1C=NC=N1)(C1=CC=C(F)C=C1)C1=CC=C(F)C=C1,1
Oxycodone,Oxycodone,HMDB0014640,5284603,7852,C08018,NA,[H][C@@]12OC3=C(OC)C=CC4=C3[C@@]11CCN(C)[C@]([H])(C4)[C@]1(O)CCC2=O,1
Petunidin,Petunidin,HMDB0003173,441774,75318,C08727,3447,COC1=C(O)C(O)=CC(=C1)C1=[O+]C2=CC(O)=CC(O)=C2C=C1O,1
Isorhamnetin,Isorhamnetin,HMDB0002655,5281654,6052,C10084,3445,COC1=C(O)C=CC(=C1)C1=C(O)C(=O)C2=C(O)C=C(O)C=C2O1,1
Azinphos-methyl,Azinphos-methyl,HMDB0248807,2268,2953,C11018,NA,COP(=S)(OC)SCN1N=NC2=CC=CC=C2C1=O,1
Drofenine,NA,NA,NA,NA,NA,NA,NA,0
Myricetin,Myricetin,HMDB0002755,5281672,18152,C10107,3448,OC1=CC(O)=C2C(OC(=C(O)C2=O)C2=CC(O)=C(O)C(O)=C2)=C1,1
Fenofibric acid,Fenofibric acid,HMDB0252207,64929,83469,NA,NA,CC(C)(OC1=CC=C(C=C1)C(=O)C1=CC=C(Cl)C=C1)C(O)=O,1
Zearalenone,"(S,E)-Zearalenone",HMDB0031752,5375083,175078,C09981,NA,[H]\C1=C([H])/C2=CC(O)=CC(O)=C2C(=O)OC(C)CCCC(=O)CCC1,1
Norfloxacin,Norfloxacin,HMDB0015192,4539,100246,C06687,NA,CCN1C=C(C(O)=O)C(=O)C2=CC(F)=C(C=C12)N1CCNCC1,1
N4-Acetylsulfamethazine,N(4)-Acetylsulfamethazine,HMDB0244280,66855,83457,NA,NA,CC(O)=NC1=CC=C(C=C1)S(=O)(=O)NC1=NC(C)=CC(C)=N1,1
Mycophenolic acid,Mycophenolic acid,HMDB0015159,446541,168396,C20380,NA,COC1=C(C\C=C(/C)CCC(O)=O)C(O)=C2C(=O)OCC2=C1C,1
Iprovalicarb,Iprovalicarb,HMDB0253572,6914821,83593,NA,NA,CC(C)OC(=O)NC(C(C)C)C(=O)NC(C)C1=CC=C(C)C=C1,1
Dimethenamide ESA,Dimethenamide ESA,HMDB0341156,NA,NA,NA,NA,COCC(C)N(C(=O)CS(O)(=O)=O)C1=C(C)SC=C1C,1
Chloramphenicol,Chloramphenicol,HMDB0014589,5959,17698,C00918,NA,OC[C@@H](NC(=O)C(Cl)Cl)[C@H](O)C1=CC=C(C=C1)[N+]([O-])=O,1
Indole-3-acetyl-L-phenylalanine,NA,NA,NA,NA,NA,NA,NA,0
Cytidine 5'-monophosphate,Cytidine monophosphate,HMDB0000095,6131,17361,C00055,5143,NC1=NC(=O)N(C=C1)[C@@H]1O[C@H](COP(O)(O)=O)[C@@H](O)[C@H]1O,1
Dimefline,NA,NA,NA,NA,NA,NA,NA,0
Citalopram,Citalopram,HMDB0005038,2771,77397,C07572,1781,CN(C)CCCC1(OCC2=C1C=CC(=C2)C#N)C1=CC=C(F)C=C1,1
Quinine,Quinine,HMDB0014611,3034034,15854,C06526,NA,[H][C@]1(C[C@@H]2CC[N@]1C[C@@H]2C=C)[C@H](O)C1=CC=NC2=CC=C(OC)C=C12,1
Norpropoxyphene,Norpropoxyphene,HMDB0041962,18804,NA,NA,NA,CCC(=O)OC(CC1=CC=CC=C1)(C(C)CNC)C1=CC=CC=C1,1
Tris(1-chloro-2-propyl)phosphate,NA,NA,NA,NA,NA,NA,NA,0
Clozapine,Clozapine,HMDB0014507,135398737,3766,C06924,NA,CN1CCN(CC1)C1=NC2=CC(Cl)=CC=C2NC2=CC=CC=C12,1
Acepromazine,Acepromazine,HMDB0015552,6077,44932,NA,NA,CN(C)CCCN1C2=CC=CC=C2SC2=C1C=C(C=C2)C(C)=O,1
Fluazifop,Fluazifop,HMDB0252322,91701,83598,C18527,NA,CC(OC1=CC=C(OC2=NC=C(C=C2)C(F)(F)F)C=C1)C(O)=O,1
Boldine,NA,NA,NA,NA,NA,NA,NA,0
Tetrameprozine,NA,NA,NA,NA,NA,NA,NA,0
Sulcotrione,Sulcotrione,HMDB0258570,NA,83465,NA,NA,CS(=O)(=O)C1=CC(Cl)=C(C=C1)C(=O)C1C(=O)CCCC1=O,1
"3',5'-Cyclic AMP",Cyclic AMP,HMDB0000058,6076,17489,C00575,5120,[H][C@@]12COP(O)(=O)O[C@@]1([H])[C@@H](O)[C@@H](O2)N1C=NC2=C1N=CN=C2N,1
Epoxiconazole,NA,NA,NA,NA,NA,NA,NA,0
"2',3'-di-O-acetyl-5'-deoxy-5-fluorocytidine",NA,NA,NA,NA,NA,NA,NA,0
Paroxetine,Paroxetine,HMDB0014853,43815,7936,C07415,NA,FC1=CC=C(C=C1)[C@@H]1CCNC[C@H]1COC1=CC2=C(OCO2)C=C1,1
Furosemide,Furosemide,HMDB0001933,3440,47426,C07017,2981,NS(=O)(=O)C1=C(Cl)C=C(NCC2=CC=CO2)C(=C1)C(O)=O,1
Ranitidine-S-oxide,Ranitidine S-oxide,HMDB0257111,NA,83497,NA,NA,CNC(NCCS(=O)CC1=CC=C(CN(C)C)O1)=CN(=O)=O,1
Ciprofloxacin,Ciprofloxacin,HMDB0014677,2764,100241,C05349,NA,OC(=O)C1=CN(C2CC2)C2=CC(N3CCNCC3)=C(F)C=C2C1=O,1
2'-Deoxyinosine 5'-monophosphate,dIMP,HMDB0006555,91531,28806,C06196,NA,O[C@H]1C[C@@H](O[C@@H]1COP(O)(O)=O)N1C=NC2=C1NC=NC2=O,1
Spectinomycin,Spectinomycin,HMDB0015055,15541,9215,C02078,NA,[H][C@@]12O[C@H](C)CC(=O)[C@]1(O)O[C@]1([H])[C@@H](NC)[C@@H](O)[C@@H](NC)[C@H](O)[C@@]1([H])O2,1
Flurtamone,Flurtamone,HMDB0252414,91755,138738,NA,NA,CNC1=C(C(=O)C(O1)C1=CC=CC=C1)C1=CC(=CC=C1)C(F)(F)F,1
beta-Nicotinamide mononucleotide,Nicotinamide ribotide,HMDB0000229,14181,14648,C00455,5238,NC(=O)C1=C[N+](=CC=C1)[C@@H]1O[C@H](COP(O)(O)=O)[C@@H](O)[C@H]1O,1
Strychnine,Strychnine,NA,8753,NA,NA,NA,NA,1
Nicotinic acid mono nucleotide,NA,NA,NA,NA,NA,NA,NA,0
Berberine,Berberine,HMDB0003409,2353,16118,C00757,3471,COC1=CC=C2C=C3C4=CC5=C(OCO5)C=C4CC[N+]3=CC2=C1OC,1
Senecionine,NA,NA,NA,NA,NA,NA,NA,0
"3,5-Dibromo-L-tyrosine","gamma-Taraxastane-3,20-diol",HMDB0035930,14313597,NA,NA,NA,CC1C2C3CCC4C5(C)CCC(O)C(C)(C)C5CCC4(C)C3(C)CCC2(C)CCC1(C)O,1
Tenoxicam,Tenoxicam,HMDB0014612,5312154,553047,NA,NA,CN1\C(=C(/O)NC2=CC=CC=N2)C(=O)C2=C(C=CS2)S1(=O)=O,1
5-Aminoimidazole-4-carboxamide-1-beta-D-ribofuranosyl 5'-monophosphate,AICAR,HMDB0001517,65110,18406,C04677,6294,NC(=O)C1=C(N)N(C=N1)[C@@H]1O[C@H](COP(O)(O)=O)[C@@H](O)[C@H]1O,1
Mesotrione,Mesotrione,HMDB0254481,175967,38321,NA,NA,[H]C1=C([H])C(=C([H])C(=C1C(=O)C1([H])C(=O)C([H])([H])C([H])([H])C([H])([H])C1=O)[N+]([O-])=O)S(=O)(=O)C([H])([H])[H],1
Methylergonovine,Methylergonovine,HMDB0014497,8226,775307,NA,NA,[H][C@@]12CC3=CNC4=CC=CC(=C34)C1=C[C@H](CN2C)C(=O)N[C@@H](CC)CO,1
"beta-D-Fructose 1,6-bisphosphate","beta-D-Fructose 1,6-bisphosphate",NA,7752,28013,C05378,NA,NA,1
Esculin,Aesculin,HMDB0030820,5281417,4853,C09264,NA,OC[C@H]1O[C@@H](OC2=C(O)C=C3OC(=O)C=CC3=C2)[C@H](O)[C@@H](O)[C@@H]1O,1
Pentamidine,Pentamidine,HMDB0014876,4735,45081,C07420,NA,NC(=N)C1=CC=C(OCCCCCOC2=CC=C(C=C2)C(N)=N)C=C1,1
Poldine,NA,NA,NA,NA,NA,NA,NA,0
Propiconazole,Propiconazole,HMDB0256825,NA,8489,C11121,NA,CCCC1COC(CN2C=NC=N2)(O1)C1=C(Cl)C=C(Cl)C=C1,1
Naltrexone,Naltrexone,HMDB0014842,5360515,7465,C07253,NA,[H][C@@]12OC3=C(O)C=CC4=C3[C@@]11CCN(CC3CC3)[C@]([H])(C4)[C@]1(O)CCC2=O,1
Boscalid,Boscalid,HMDB0249353,NA,81822,C18547,NA,ClC1=CC=C(C=C1)C1=C(NC(=O)C2=C(Cl)N=CC=C2)C=CC=C1,1
Lactose,Alpha-Lactose,HMDB0000186,84571,36219,C00243,267,OC[C@H]1O[C@@H](O[C@H]2[C@H](O)[C@@H](O)[C@@H](O)O[C@@H]2CO)[C@H](O)[C@@H](O)[C@H]1O,1
Hydroxybutorphanol,NA,NA,NA,NA,NA,NA,NA,0
Clotrimazole,Clotrimazole,HMDB0001922,2812,3764,C06922,1897,ClC1=CC=CC=C1C(N1C=CN=C1)(C1=CC=CC=C1)C1=CC=CC=C1,1
Testosterone_Propionate,NA,NA,NA,NA,NA,NA,NA,0
"Guanosine-3',5'-cyclic monophosphate",NA,NA,NA,NA,NA,NA,NA,0
AMP,Adenosine monophosphate,HMDB0000045,6083,16027,C00020,5111,NC1=C2N=CN([C@@H]3O[C@H](COP(O)(O)=O)[C@@H](O)[C@H]3O)C2=NC=N1,1
Adenosine 3'-monophosphate,3'-AMP,HMDB0003540,41211,28931,C01367,NA,NC1=C2N=CN([C@@H]3O[C@H](CO)[C@@H](OP(O)(O)=O)[C@H]3O)C2=NC=N1,1
Inosine-5'-monophosphate,Inosinic acid,HMDB0000175,8582,17202,C00130,5196,O[C@@H]1[C@@H](COP(O)(O)=O)O[C@H]([C@@H]1O)N1C=NC2=C1N=CNC2=O,1
Enalaprilat,Enalaprilat,HMDB0041886,6917719,4786,C11720,NA,[H][C@@](C)(N[C@@]([H])(CCC1=CC=CC=C1)C(O)=O)C(=O)N1CCC[C@@]1([H])C(O)=O,1
Ampicillin,Ampicillin,HMDB0014559,6249,28971,C06574,NA,[H][C@]12SC(C)(C)[C@@H](N1C(=O)[C@H]2NC(=O)[C@H](N)C1=CC=CC=C1)C(O)=O,1
Strychnine_N_Oxide,NA,NA,NA,NA,NA,NA,NA,0
4-methylumbelliferyl glucuronide,4-Methylumbelliferone glucuronide,HMDB0240464,91553,1904,C11584,NA,[H][C@@]1(OC2=CC3=C(C=C2)C(C)=CC(=O)O3)O[C@]([H])(C(O)=O)[C@@]([H])(O)[C@]([H])(O)[C@@]1([H])O,1
N4-Acetylsulfadimethoxine,N4-Acetylsulfadimethoxine,NA,473359,NA,NA,NA,NA,1
Ajmalicine,Ajmalicine,HMDB0248072,251561,NA,C09024,NA,COC(=O)C1=COC(C)C2CN3CCC4=C(NC5=CC=CC=C45)C3CC12,1
Tebufenozide,Tebufenozide,HMDB0258764,91773,38452,C18526,NA,CCC1=CC=C(C=C1)C(=O)NN(C(=O)C1=CC(C)=CC(C)=C1)C(C)(C)C,1
Chelidonine,Chelidonine,HMDB0249900,10147,NA,NA,NA,CN1CC2=C3OCOC3=CC=C2C2C(O)CC3=CC4=C(OCO4)C=C3C12,1
Dihydrozeatin riboside,Dihydrozeatin riboside,NA,47205743,80498,C16447,NA,NA,1
Chlorogenic Acid,Chlorogenic acid,HMDB0003164,1794427,16112,C00852,3498,O[C@@H]1C[C@](O)(C[C@@H](OC(=O)\C=C\C2=CC(O)=C(O)C=C2)[C@@H]1O)C(O)=O,1
Xanthohumol,Xanthohumol,HMDB0037479,639665,66331,C16417,NA,COC1=C(C(=O)\C=C\C2=CC=C(O)C=C2)C(O)=C(CC=C(C)C)C(O)=C1,1
Hycanthone,Hycanthone,HMDB0253234,3634,52768,NA,NA,CCN(CC)CCNC1=C2C(=O)C3=CC=CC=C3SC2=C(CO)C=C1,1
Laudanosine,(S)-Laudanosine,HMDB0030213,15548,444892,NA,NA,COC1=C(OC)C=C(CC2N(C)CCC3=CC(OC)=C(OC)C=C23)C=C1,1
Oxybutynine,Oxybutynin,HMDB0015195,4634,7856,C07360,NA,CCN(CC)CC#CCOC(=O)C(O)(C1CCCCC1)C1=CC=CC=C1,1
Chlorfenvinphos,Chlorfenvinphos,HMDB0250096,NA,38598,NA,NA,CCOP(=O)(OCC)OC(=CCl)C1=C(Cl)C=C(Cl)C=C1,1
Cilastatin,Cilastatin,HMDB0015535,6435415,3697,C01675,NA,N[C@@H](CSCCCC\C=C(/NC(=O)[C@H]1CC1(C)C)C(=O)O)C(=O)O,1
Prednisone,Prednisone,HMDB0014773,5865,8382,C07370,NA,[H][C@@]12CC[C@](O)(C(=O)CO)[C@@]1(C)CC(=O)[C@@]1([H])[C@@]2([H])CCC2=CC(=O)C=C[C@]12C,1
Capecitabine,Capecitabine,HMDB0015233,60953,31348,C12650,NA,CCCCCOC(=O)NC1=NC(=O)N(C=C1F)[C@@H]1O[C@H](C)[C@@H](O)[C@H]1O,1
Enrofloxacin,Enrofloxacin,HMDB0029861,71188,35720,NA,NA,CCN1CCN(CC1)C1=CC2=C(C=C1F)C(=O)C(=CN2C1CC1)C(O)=O,1
Rosmarinic acid,Rosmarinic acid,HMDB0003572,5281792,50371,C01850,6960,OC(=O)[C@@H](CC1=CC(O)=C(O)C=C1)OC(=O)\C=C\C1=CC(O)=C(O)C=C1,1
Fenofibrate,Fenofibrate,HMDB0015173,3339,5001,C07586,NA,CC(C)OC(=O)C(C)(C)OC1=CC=C(C=C1)C(=O)C1=CC=C(Cl)C=C1,1
Prednisolone,Prednisolone,HMDB0014998,5755,8378,C07369,NA,[H][C@@]12CC[C@](O)(C(=O)CO)[C@@]1(C)C[C@H](O)[C@@]1([H])[C@@]2([H])CCC2=CC(=O)C=C[C@]12C,1
Bezafibrate,Bezafibrate,HMDB0015465,39042,47612,NA,NA,CC(C)(OC1=CC=C(CCNC(=O)C2=CC=C(Cl)C=C2)C=C1)C(O)=O,1
Ofloxacin,Ofloxacin,HMDB0015296,4583,7731,C07321,NA,CC1COC2=C3N1C=C(C(O)=O)C(=O)C3=CC(F)=C2N1CCN(C)CC1,1
Hydrocortisone,Cortisol,HMDB0000063,5754,17650,C00735,5124,[H][C@@]12CC[C@](O)(C(=O)CO)[C@@]1(C)C[C@H](O)[C@@]1([H])[C@@]2([H])CCC2=CC(=O)CC[C@]12C,1
Guanosine 5'-monophosphate,Guanosine monophosphate,HMDB0001397,6804,17345,C00144,6216,NC1=NC2=C(N=CN2[C@@H]2O[C@H](COP(O)(O)=O)[C@@H](O)[C@H]2O)C(=O)N1,1
Flufenacet,Flufenacet,HMDB0252330,NA,81920,C18731,NA,CC(C)N(C(=O)COC1=NN=C(S1)C(F)(F)F)C1=CC=C(F)C=C1,1
Thioinosinic acid,6-Thioinosine-5'-monophosphate,HMDB0060416,3034391,2332,C04646,NA,O[C@@H]1[C@@H](COP(O)(O)=O)O[C@H]([C@@H]1O)N1C=NC2=C1N=CN=C2S,1
Xanthosine-5'-monophosphate,NA,NA,NA,NA,NA,NA,NA,0
Gentiobiose,NA,NA,NA,NA,NA,NA,NA,0
Bumetanide,Bumetanide,HMDB0015024,2471,3213,NA,NA,CCCCNC1=C(OC2=CC=CC=C2)C(=CC(=C1)C(O)=O)S(N)(=O)=O,1
GlcNAcThrNAc,NA,NA,NA,NA,NA,NA,NA,0
12'-Apozeaxanthin,NA,NA,NA,NA,NA,NA,NA,0
Bicuculline,Bicuculline,NA,11555,3092,C09364,NA,NA,1
Methoxyfenozide,Methoxyfenozide,HMDB0254547,NA,38449,C18525,NA,COC1=CC=CC(C(=O)NN(C(=O)C2=CC(C)=CC(C)=C2)C(C)(C)C)=C1C,1
Perindopril,Perindopril,HMDB0014928,107807,8024,C07706,NA,[H][C@]12C[C@H](N(C(=O)[C@H](C)N[C@@H](CCC)C(=O)OCC)[C@@]1([H])CCCC2)C(O)=O,1
Cholesterol,Cholesterol,HMDB0000067,5997,16113,C00187,163,[H][C@@]1(CC[C@@]2([H])[C@]3([H])CC=C4C[C@@H](O)CC[C@]4(C)[C@@]3([H])CC[C@]12C)[C@H](C)CCCC(C)C,1
Lignoceric acid,Tetracosanoic acid,HMDB0002003,11197,28866,C08320,6427,CCCCCCCCCCCCCCCCCCCCCCCC(O)=O,1
Amisulpride,Amisulpride,HMDB0015633,2159,64045,NA,NA,CCN1CCCC1CNC(=O)C1=CC(=C(N)C=C1OC)S(=O)(=O)CC,1
Thioridazine,Thioridazine,HMDB0014817,5452,9566,NA,NA,CSC1=CC2=C(SC3=CC=CC=C3N2CCC2CCCCN2C)C=C1,1
Coprostanol,5beta-Coprostanol,HMDB0000577,221122,89519,NA,5559,[H][C@@]1(CC[C@@]2([H])[C@]3([H])CC[C@]4([H])C[C@@H](O)CC[C@]4(C)[C@@]3([H])CC[C@]12C)[C@H](C)CCCC(C)C,1
Finasteride,Finasteride,HMDB0001984,57363,5062,NA,NA,[H][C@@]12CC[C@H](C(=O)NC(C)(C)C)[C@@]1(C)CC[C@@]1([H])[C@@]2([H])CC[C@@]2([H])NC(=O)C=C[C@]12C,1
Pyrazophos,PYRAZOPHOS,HMDB0256957,NA,81942,C18761,NA,CCOC(=O)C1=CN2N=C(OP(=S)(OCC)OCC)C=C2N=C1C,1
Casticin,Casticin,HMDB0030660,5315263,69355,NA,NA,COC1=C(O)C=C(C=C1)C1=C(OC)C(=O)C2=C(O)C(OC)=C(OC)C=C2O1,1
Methylprednisolone,Methylprednisolone,HMDB0015094,6741,6888,NA,NA,[H][C@@]12CC[C@](O)(C(=O)CO)[C@@]1(C)C[C@H](O)[C@@]1([H])[C@@]2([H])C[C@H](C)C2=CC(=O)C=C[C@]12C,1
Picolinafen,NA,NA,NA,NA,NA,NA,NA,0
(-)-Riboflavin,Riboflavin,HMDB0000244,493570,17015,C00255,5249,CC1=C(C)C=C2N(C[C@H](O)[C@H](O)[C@H](O)CO)C3=NC(=O)NC(=O)C3=NC2=C1,1
Enalapril,Enalapril,HMDB0014722,40466924,4784,C06977,NA,CCOC(=O)[C@H](CCC1=CC=CC=C1)N[C@@H](C)C(=O)N1CCC[C@H]1C(O)=O,1
Neotame,Neotame,HMDB0034566,3804937,NA,NA,NA,COC(=O)C(CC1=CC=CC=C1)NC(=O)C(CC(O)=O)NCCC(C)(C)C,1
S-Lactoylglutathione,S-Lactoylglutathione,HMDB0001066,440018,15694,C03451,5979,C[C@@H](O)C(=O)SC[C@H](NC(=O)CC[C@H](N)C(O)=O)C(=O)NCC(O)=O,1
12'-Apoastaxanthinal,NA,NA,NA,NA,NA,NA,NA,0
Teflubenzuron,NA,NA,NA,NA,NA,NA,NA,0
Brassicasterol,Brassicasterol,HMDB0011181,5281327,3168,C08813,NA,[H][C@@]1(CC[C@@]2([H])[C@]3([H])CC=C4C[C@@H](O)CC[C@]4(C)[C@@]3([H])CC[C@]12C)[C@H](C)\C=C\[C@H](C)C(C)C,1
Metsulfuron-methyl,Metsulfuron-methyl,HMDB0254690,52999,39678,C10946,NA,COC(=O)C1=CC=CC=C1S(=O)(=O)NC(=O)NC1=NC(C)=NC(OC)=N1,1
Trans-Zeatin-9-glucoside,NA,NA,NA,NA,NA,NA,NA,0
12'-Apocapsorbinal,NA,NA,NA,NA,NA,NA,NA,0
Pantoprazole,Pantoprazole,HMDB0005017,4679,7915,C11806,1697,COC1=C(OC)C(CS(=O)C2=NC3=C(N2)C=C(OC(F)F)C=C3)=NC=C1,1
Prazosin,Prazosin,HMDB0014600,4893,8364,C07368,NA,COC1=C(OC)C=C2C(N)=NC(=NC2=C1)N1CCN(CC1)C(=O)C1=CC=CO1,1
Dihydrozeatin-9-beta-D-glucoside,Dihydrozeatin-9-N-glucoside,HMDB0012213,11545443,NA,NA,NA,C[C@H](CO)CCNC1=NC=NC2=C1N=CN2[C@@H]1O[C@H](CO)[C@@H](O)[C@H](O)[C@H]1O,1
Ethion,Ethion,HMDB0252018,3286,38663,C18725,NA,CCOP(=S)(OCC)SCSP(=S)(OCC)OCC,1
S-Adenosyl-L-homocysteine,S-Adenosylhomocysteine,HMDB0000939,439155,16680,C00021,296,N[C@@H](CCSC[C@H]1O[C@H]([C@H](O)[C@@H]1O)N1C=NC2=C1N=CN=C2N)C(O)=O,1
Buspirone,Buspirone,HMDB0014633,2477,3223,C06861,NA,O=C1CC2(CCCC2)CC(=O)N1CCCCN1CCN(CC1)C1=NC=CC=N1,1
1-O-beta-D-Glucopyranosyl sinapate,NA,NA,NA,NA,NA,NA,NA,0
Sufentanil,Sufentanil,HMDB0014846,41693,9316,C08022,NA,CCC(=O)N(C1=CC=CC=C1)C1(COC)CCN(CCC2=CC=CS2)CC1,1
Pyraclostrobin,Pyraclostrobin,HMDB0256940,NA,78780,NA,NA,CON(C(=O)OC)C1=C(COC2=NN(C=C2)C2=CC=C(Cl)C=C2)C=CC=C1,1
Cetirizine,Cetirizine,HMDB0005032,2678,3561,C07778,1641,OC(=O)COCCN1CCN(CC1)C(C1=CC=CC=C1)C1=CC=C(Cl)C=C1,1
Di(ethylhexyl) phthalate,Bis(2-ethylhexyl) phthalate,HMDB0249243,NA,17747,C03690,NA,CCCCC(CC)COC(=O)C1=CC=CC=C1C(=O)OCC(CC)CCCC,1
10'-Apozeaxanthinal,NA,NA,NA,NA,NA,NA,NA,0
Dexamethasone,Dexamethasone,HMDB0015364,5743,41879,C15643,NA,[H][C@@]12C[C@@H](C)[C@](O)(C(=O)CO)[C@@]1(C)C[C@H](O)[C@@]1(F)[C@@]2([H])CCC2=CC(=O)C=C[C@]12C,1
Diflufenican,Diflufenican,HMDB0251262,91735,81824,C18549,NA,FC1=CC(F)=C(NC(=O)C2=C(OC3=CC=CC(=C3)C(F)(F)F)N=CC=C2)C=C1,1
Rotenone,Rotenone,HMDB0034436,6758,28201,C07593,NA,[H][C@@]12COC3=C(C=C(OC)C(OC)=C3)[C@]1([H])C(=O)C1=CC=C3O[C@H](CC3=C1O2)C(C)=C,1
Stigmasterol,Stigmasterol,HMDB0000937,5280794,28824,C05442,168,[H][C@@]1(CC[C@@]2([H])[C@]3([H])CC=C4C[C@@H](O)CC[C@]4(C)[C@@]3([H])CC[C@]12C)[C@H](C)\C=C\[C@@H](CC)C(C)C,1
delta-Tocotrienol,delta-Tocotrienol,HMDB0030008,5282350,33276,C14156,NA,CC(C)=CCC\C(C)=C\CC\C(C)=C\CC[C@]1(C)CCC2=CC(O)=CC(C)=C2O1,1
Calciferol,Ergocalciferol,HMDB0000900,5280793,28934,C05441,5856,[H][C@@]1(CC[C@@]2([H])\C(CCC[C@]12C)=C\C=C1\C[C@@H](O)CCC1=C)[C@H](C)\C=C\[C@H](C)C(C)C,1
beta-Sitosterol,beta-Sitosterol,HMDB0000852,222284,27693,C01753,169,[H][C@@]1(CC[C@@]2([H])[C@]3([H])CC=C4C[C@@H](O)CC[C@]4(C)[C@@]3([H])CC[C@]12C)[C@H](C)CC[C@@H](CC)C(C)C,1
Sulfasalazine,Sulfasalazine,HMDB0014933,NA,9334,C07316,NA,OC(=O)C1=CC(=CC=C1O)\N=N\C1=CC=C(C=C1)S(=O)(=O)NC1=NC=CC=C1,1
Propoxycarbazone,NA,NA,NA,NA,NA,NA,NA,0
S-Adenosyl-L-methionine,S-Adenosylmethionine,HMDB0001185,34756,15414,C00019,6064,C[S+](CC[C@H](N)C(O)=O)C[C@H]1O[C@H]([C@H](O)[C@@H]1O)N1C=NC2=C1N=CN=C2N,1
24-Ethylepicoprostanol,NA,NA,NA,NA,NA,NA,NA,0
Colchicine,Colchicine,HMDB0015466,2833,23359,C07592,NA,COC1=CC2=C(C(OC)=C1OC)C1=CC=C(OC)C(=O)C=C1C(CC2)NC(C)=O,1
Thiethylperazine,Thiethylperazine,HMDB0014516,5440,9544,C07132,NA,CCSC1=CC2=C(SC3=CC=CC=C3N2CCCN2CCN(C)CC2)C=C1,1
Mepacrine,Quinacrine,HMDB0015235,237,8711,C07339,NA,CCN(CC)CCCC(C)NC1=C2C=C(OC)C=CC2=NC2=C1C=CC(Cl)=C2,1
Pinoxaden,NA,NA,NA,NA,NA,NA,NA,0
CDP,CDP,HMDB0001546,6132,17239,C00112,6313,NC1=NC(=O)N(C=C1)[C@@H]1O[C@H](COP(O)(=O)OP(O)(O)=O)[C@@H](O)[C@H]1O,1
Lincomycin,Lincomycin,HMDB0015564,656509,6472,C06812,NA,[H][C@@]1(O[C@]([H])([C@H](NC(=O)C2C[C@@H](CCC)CN2C)[C@@H](C)O)[C@H](O)[C@H](O)[C@H]1O)SC,1
Crystal violet,Gentian Violet,HMDB0014550,3468,77181,NA,NA,CN(C)C1=CC=C(C=C1)C(C1=CC=C(C=C1)N(C)C)=C1C=CC(C=C1)=[N+](C)C,1
Leu-Leu-Tyr,Leu-Leu-Tyr,HMDB0304804,88513,6415,C11331,NA,[H][C@](N)(CC(C)C)C(O)=N[C@@]([H])(CC(C)C)C(O)=N[C@@]([H])(CC1=CC=C(O)C=C1)C(O)=O,1
Trifloxystrobin,NA,NA,NA,NA,NA,NA,NA,0
FucGlcNAcGA,NA,NA,NA,NA,NA,NA,NA,0
Veratramine,Veratramine,HMDB0259781,229854,NA,NA,NA,CC(C1NCC(C)CC1O)C1=CC=C2C3CC=C4CC(O)CCC4(C)C3CC2=C1C,1
Nicosulfuron,NA,NA,NA,NA,NA,NA,NA,0
Piperacetazine,NA,NA,NA,NA,NA,NA,NA,0
gamma-Tocotrienol,gamma-Tocotrienol,HMDB0012958,5282349,33277,C14155,NA,CC(C)=CCC\C(C)=C\CC\C(C)=C\CC[C@]1(C)CCC2=CC(O)=C(C)C(C)=C2O1,1
But-3-enylglucosinolate,NA,NA,NA,NA,NA,NA,NA,0
Acetophenazine,Acetophenazine,HMDB0015196,17676,2401,C06807,NA,CC(=O)C1=CC=C2SC3=C(C=CC=C3)N(CCCN3CCN(CCO)CC3)C2=C1,1
1-Decanoyl-2-hydroxy-sn-glycero-3-phosphocholine,NA,NA,NA,NA,NA,NA,NA,0
Cyclopamine,Cyclopamine,NA,442972,NA,NA,NA,NA,1
Solasodine,Solasodine,HMDB0035282,5250,565242,C10822,NA,CC1C2C(CC3C4CC=C5CC(O)CCC5(C)C4CCC23C)OC11CCC(C)CN1,1
Salmeterol,Salmeterol,HMDB0015073,5152,64064,C07241,NA,OCC1=C(O)C=CC(=C1)C(O)CNCCCCCCOCCCCC1=CC=CC=C1,1
Puerarin,Puerarin,HMDB0240265,5281807,8633,C10524,NA,OC[C@H]1O[C@H]([C@H](O)[C@@H](O)[C@@H]1O)C1=C2OC=C(C(=O)C2=CC=C1O)C1=CC=C(O)C=C1,1
Alfentanil,Alfentanil,HMDB0014940,51263,2569,C08005,NA,CCN1N=NN(CCN2CCC(COC)(CC2)N(C(=O)CC)C2=CC=CC=C2)C1=O,1
Cyanidin-3-O-alpha-arabinopyranoside,NA,NA,NA,NA,NA,NA,NA,0
Kaempferol-3-O-alpha-L-arabinoside,NA,NA,NA,NA,NA,NA,NA,0
Aloin,Aloin,HMDB0035219,313325,NA,NA,NA,OCC1OC(C(O)C(O)C1O)C1C2=C(C(O)=CC=C2)C(=O)C2=C1C=C(CO)C=C2O,1
Simvastatin,Simvastatin,HMDB0005007,54454,9150,NA,2443,[H][C@]12[C@H](C[C@@H](C)C=C1C=C[C@H](C)[C@@H]2CC[C@@H]1C[C@@H](O)CC(=O)O1)OC(=O)C(C)(C)CC,1
Fipronil-sulfide,NA,NA,NA,NA,NA,NA,NA,0
Eprosartan,Eprosartan,HMDB0015014,5281037,4814,C07467,NA,CCCCC1=NC=C(\C=C(/CC2=CC=CS2)C(O)=O)N1CC1=CC=C(C=C1)C(O)=O,1
Clindamycin,Clindamycin,HMDB0015321,29029,3745,C06914,NA,CCC[C@@H]1C[C@H](N(C)C1)C(=O)NC(C(C)Cl)[C@H]1O[C@H](SC)[C@H](O)[C@@H](O)[C@H]1O,1
alpha-Tocotrienol,alpha-Tocotrienol,HMDB0006327,5282347,33270,C14153,NA,CC(C)=CCC\C(C)=C\CC\C(C)=C\CC[C@]1(C)CCC2=C(C)C(O)=C(C)C(C)=C2O1,1
Hispidulin acetate,NA,NA,NA,NA,NA,NA,NA,0
Leupeptin,Leupeptin,HMDB0254042,3910,NA,NA,NA,CC(C)CC(NC(C)=O)C(=O)NC(CC(C)C)C(=O)NC(CCCNC(N)=N)C=O,1
Irbesartan,Irbesartan,HMDB0015163,3749,5959,C07469,NA,CCCCC1=NC2(CCCC2)C(=O)N1CC1=CC=C(C=C1)C1=CC=CC=C1C1=NNN=N1,1
Mebeverine,Mebeverine,HMDB0254388,4031,NA,NA,NA,CCN(CCCCOC(=O)C1=CC(OC)=C(OC)C=C1)C(C)CC1=CC=C(OC)C=C1,1
8'-Apoalloxanthin,NA,NA,NA,NA,NA,NA,NA,0
Bicalutamide,Bicalutamide,HMDB0015260,2375,144093,C08160,NA,CC(O)(CS(=O)(=O)C1=CC=C(F)C=C1)C(=O)NC1=CC(=C(C=C1)C#N)C(F)(F)F,1
Ononin,Ononin,HMDB0033987,3733033,7775,C10509,NA,COC1=CC=C(C=C1)C1=COC2=C(C=CC(OC3OC(CO)C(O)C(O)C3O)=C2)C1=O,1
beta-Tocotrienol,beta-tocotrienol,HMDB0304597,5282348,33275,C14154,NA,CC(C)=CCC\C(C)=C\CC\C(C)=C\CC[C@]1(C)CCC2=C(C)C(O)=CC(C)=C2O1,1
8'-Apozeaxanthinal,NA,NA,NA,NA,NA,NA,NA,0
Fipronil,Fipronil,HMDB0252265,3352,83394,C11099,NA,NC1=C(C(=NN1C1=C(Cl)C=C(C=C1Cl)C(F)(F)F)C#N)S(=O)C(F)(F)F,1
Phlorizin,Phlorizin,HMDB0036634,6072,8113,C01604,NA,OC[C@H]1O[C@@H](OC2=CC(O)=CC(O)=C2C(=O)CCC2=CC=C(O)C=C2)[C@H](O)[C@@H](O)[C@@H]1O,1
Daidzin,Daidzin,HMDB0033991,107971,42202,C10216,NA,OC[C@H]1O[C@@H](OC2=CC3=C(C=C2)C(=O)C(=CO3)C2=CC=C(O)C=C2)[C@H](O)[C@@H](O)[C@@H]1O,1
1-Lauroyl-2-hydroxy-sn-glycero-3-phosphocholine,NA,NA,NA,NA,NA,NA,NA,0
Candesartan,Candesartan,HMDB0014934,2541,3347,C07468,NA,CCOC1=NC2=CC=CC(C(O)=O)=C2N1CC1=CC=C(C=C1)C1=CC=CC=C1C1=NNN=N1,1
Propaquizafop,NA,NA,NA,NA,NA,NA,NA,0
Thiothixene,Thiothixene,HMDB0015560,941651,309829,NA,NA,CN(C)S(=O)(=O)C1=CC2=C(SC3=CC=CC=C3\C2=C\CCN2CCN(C)CC2)C=C1,1
Perfluorooctyl phosphate,NA,NA,NA,NA,NA,NA,NA,0
Tetracycline,Tetracycline,HMDB0014897,5761,27902,C06570,NA,[H][C@@]12C[C@@]3([H])C(=C(O)[C@]1(O)C(=O)C(C(N)=O)=C(O)[C@H]2N(C)C)C(=O)C1=C(O)C=CC=C1[C@@]3(C)O,1
Tritosulfuron,NA,NA,NA,NA,NA,NA,NA,0
Baicalin,Baicalin,HMDB0041832,13654833,2981,C10025,NA,O[C@@H]1[C@@H](O)[C@@H](OC2=C(O)C(O)=C3C(=O)C=C(OC3=C2)C2=CC=CC=C2)O[C@@H]([C@H]1O)C(O)=O,1
Luteolin-7-O-glucoside,Luteolin-7-O-glucoside,NA,45933934,NA,NA,NA,NA,1
Sissotrin,Sissotrin,HMDB0033990,5358913,NA,NA,NA,COC1=CC=C(C=C1)C1=COC2=CC(OC3OC(CO)C(O)C(O)C3O)=CC(O)=C2C1=O,1
8'-Apocapsorbinal,NA,NA,NA,NA,NA,NA,NA,0
Ideain,NA,NA,NA,NA,NA,NA,NA,0
Quercitrin,Quercitrin,HMDB0033751,5280459,17558,C01750,NA,C[C@@H]1O[C@@H](OC2=C(OC3=CC(O)=CC(O)=C3C2=O)C2=CC(O)=C(O)C=C2)[C@H](O)[C@H](O)[C@H]1O,1
Myricetin-3-Xyloside,NA,NA,NA,NA,NA,NA,NA,0
Eriodictyol-7-O-glucoside,Miscanthoside,HMDB0029544,13254471,NA,NA,NA,OCC1OC(OC2=CC3=C(C(=O)CC(O3)C3=CC=C(O)C(O)=C3)C(O)=C2)C(O)C(O)C1O,1
Foramsulfuron,NA,NA,NA,NA,NA,NA,NA,0
Diphenoxylate,Diphenoxylate,HMDB0015213,13505,4639,C07872,NA,CCOC(=O)C1(CCN(CCC(C#N)(C2=CC=CC=C2)C2=CC=CC=C2)CC1)C1=CC=CC=C1,1
Boldenone_Undecylenate,NA,NA,NA,NA,NA,NA,NA,0
Scutellarein tetraacetate,NA,NA,NA,NA,NA,NA,NA,0
Methotrexate,Methotrexate,HMDB0014703,126941,44185,C01937,NA,CN(CC1=CN=C2N=C(N)N=C(N)C2=N1)C1=CC=C(C=C1)C(=O)N[C@@H](CCC(O)=O)C(O)=O,1
Verapamil,Verapamil,HMDB0001850,2520,77733,C07188,3009,COC1=C(OC)C=C(CCN(C)CCCC(C#N)(C(C)C)C2=CC(OC)=C(OC)C=C2)C=C1,1
Vitamin K1,Vitamin K1,HMDB0003555,5284607,18067,C05850,7027,CC(C)CCC[C@@H](C)CCC[C@@H](C)CCC\C(C)=C\CC1=C(C)C(=O)C2=C(C=CC=C2)C1=O,1
Prednisolone_Tebutate,NA,NA,NA,NA,NA,NA,NA,0
Oxytetracycline,Oxytetracycline,HMDB0014733,54715139,27701,C06624,NA,[H][C@@]12[C@@H](O)[C@@]3([H])C(=C(O)C4=C(O)C=CC=C4[C@@]3(C)O)C(=O)[C@]1(O)C(=O)C(C(N)=O)=C(O)[C@H]2N(C)C,1
3-(Methylsulfinyl)propylglucosinolate,NA,NA,NA,NA,NA,NA,NA,0
Morphine_3_Glucuronide,NA,NA,NA,NA,NA,NA,NA,0
"Methyl hydroxy-3,4-dehydro-apo-8'-lycopenate",NA,NA,NA,NA,NA,NA,NA,0
Peonidin-3-O-beta-D-glucoside,NA,NA,NA,NA,NA,NA,NA,0
Delphinidin-3-O-beta-glucopyranoside,NA,NA,NA,NA,NA,NA,NA,0
GalNAcGlcNAcGA,NA,NA,NA,NA,NA,NA,NA,0
Buprenorphine,Buprenorphine,HMDB0015057,644073,3216,C08007,NA,CO[C@]12CC[C@@]3(C[C@@H]1[C@](C)(O)C(C)(C)C)[C@H]1CC4=C5C(O[C@@H]2[C@@]35CCN1CC1CC1)=C(O)C=C4,1
Cromolyn,Cromoglicic acid,HMDB0015138,2882,59773,C06928,NA,OC(COC1=CC=CC2=C1C(=O)C=C(O2)C(O)=O)COC1=CC=CC2=C1C(=O)C=C(O2)C(O)=O,1
Kaempferol-3-O-glucoside,Astragalin,HMDB0037429,5282102,30200,C12249,NA,OC[C@H]1O[C@@H](OC2=C(OC3=CC(O)=CC(O)=C3C2=O)C2=CC=C(O)C=C2)[C@H](O)[C@@H](O)[C@@H]1O,1
Terfenadine,Terfenadine,HMDB0014486,5405,119569,C07463,NA,CC(C)(C)C1=CC=C(C=C1)C(O)CCCN1CCC(CC1)C(O)(C1=CC=CC=C1)C1=CC=CC=C1,1
Cirsimarin,NA,NA,NA,NA,NA,NA,NA,0
(2R)-2-Hydroxy-2-phenethylglucosinolate,NA,NA,NA,NA,NA,NA,NA,0
Petunidin-3-O-beta-glucopyranoside,NA,NA,NA,NA,NA,NA,NA,0
Isorhamnetin-3-O-glucoside,NA,NA,NA,NA,NA,NA,NA,0
Gossypin,Gossypin,NA,5281621,NA,NA,NA,NA,1
Albiflorin,NA,NA,NA,NA,NA,NA,NA,0
Emetine,Emetine,METPA0972,NA,4781,C09421,NA,NA,1
Rosuvastatin,Rosuvastatin,HMDB0015230,446157,38545,NA,NA,CC(C)C1=NC(=NC(C2=CC=C(F)C=C2)=C1\C=C\[C@@H](O)C[C@@H](O)CC(=O)O)N(C)S(C)(=O)=O,1
Hyperoside,Quercetin 3-galactoside,HMDB0030775,5281643,67486,C10073,NA,OC[C@H]1O[C@@H](OC2=C(OC3=C(C(O)=CC(O)=C3)C2=O)C2=CC(O)=C(O)C=C2)[C@H](O)[C@@H](O)[C@H]1O,1
Cytidine 5'-diphosphocholine,Citicoline,HMDB0001413,13805,49086,C00307,6229,C[N+](C)(C)CCOP(O)(=O)OP(O)(=O)OC[C@H]1O[C@H]([C@H](O)[C@@H]1O)N1C=CC(N)=NC1=O,1
Paeoniflorin,NA,NA,NA,NA,NA,NA,NA,0
Quercetin 3-(6-O-acetyl-beta-glucoside),NA,NA,NA,NA,NA,NA,NA,0
Syringetin-3-O-galactoside,NA,NA,NA,NA,NA,NA,NA,0
FucGlcNAcThrNAc,NA,NA,NA,NA,NA,NA,NA,0
Gallamine,Gallamine Triethiodide,HMDB0014626,3450,774944,NA,NA,CC[N+](CC)(CC)CCOC1=CC=CC(OCC[N+](CC)(CC)CC)=C1OCC[N+](CC)(CC)CC,1
Trans-Zeatin-riboside-O-glucoside,NA,NA,NA,NA,NA,NA,NA,0
Telmisartan,Telmisartan,HMDB0015101,65999,9434,C07710,NA,CCCC1=NC2=C(C=C(C=C2C)C2=NC3=CC=CC=C3N2C)N1CC1=CC=C(C=C1)C1=CC=CC=C1C(O)=O,1
Taurocholate,Taurocholic acid,HMDB0000036,6675,28865,C05122,5104,[H][C@@]1(CC[C@@]2([H])[C@]3([H])[C@H](O)C[C@]4([H])C[C@H](O)CC[C@]4(C)[C@@]3([H])C[C@H](O)[C@]12C)[C@H](C)CCC(=O)NCCS(O)(=O)=O,1
Piperacillin,Piperacillin,HMDB0014464,43672,8232,C14034,NA,[H][C@]12SC(C)(C)[C@@H](N1C(=O)[C@H]2NC(=O)[C@H](NC(=O)N1CCN(CC)C(=O)C1=O)C1=CC=CC=C1)C(O)=O,1
Daunorubicin,Daunorubicin,HMDB0014832,30323,41977,C01907,NA,COC1=CC=CC2=C1C(=O)C1=C(O)C3=C(C[C@](O)(C[C@@H]3O[C@H]3C[C@H](N)[C@H](O)[C@H](C)O3)C(C)=O)C(O)=C1C2=O,1
Rolitetracycline,Rolitetracycline,HMDB0015414,NA,63334,NA,NA,[H][C@@]12C[C@@]3([H])C(C(=O)C4=C(O)C=CC=C4[C@@]3(C)O)=C(O)[C@]1(O)C(=O)C(C(=O)NCN1CCCC1)=C(O)[C@H]2N(C)C,1
Isorenieratene,Isorenieratene,NA,47205259,80196,C15943,NA,NA,1
Ketoconazole,Ketoconazole,HMDB0012242,47576,47518,NA,NA,CC(=O)N1CCN(CC1)C1=CC=C(OC[C@@H]2CO[C@](CN3C=CN=C3)(O2)C2=CC=C(Cl)C=C2Cl)C=C1,1
Cochlioquinone A,NA,NA,NA,NA,NA,NA,NA,0
Neriifolin,neriifolin,NA,441867,7522,C08876,NA,CO1(O)(C)O(O2CC3(C)4CC5(C)(C6=CC(=O)OC6)CC5(O)4CC3C2)1O,1
Amentoflavone,Amentoflavone,HMDB0030832,5281600,2631,C10018,NA,OC1=CC=C(C=C1)C1=CC(=O)C2=C(O)C=C(O)C(=C2O1)C1=C(O)C=CC(=C1)C1=CC(=O)C2=C(O)C=C(O)C=C2O1,1
Apramycin,Apramycin,HMDB0248529,439519,NA,C01555,NA,CNC1C(O)C2OC(OC3C(N)CC(N)C(O)C3O)C(N)CC2OC1OC1OC(CO)C(N)C(O)C1O,1
zeta-Carotene,"(9-cis,9'-cis)-7,7',8,8'-Tetrahydro-psi,psi-carotene",HMDB0003063,6440490,48716,C15857,NA,CC(C)=CCC\C(C)=C\CC\C(C)=C/C=C/C(/C)=C/C=C/C=C(\C)/C=C/C=C(/C)CC\C=C(/C)CCC=C(C)C,1
Phytofluene,Phytofluene,HMDB0002871,6857557,35165,C05414,213,CC(C)=CCC\C(C)=C\CC\C(C)=C\CC\C(C)=C\C=C/C=C(\C)/C=C/C=C(\C)CC\C=C(/C)CCC=C(C)C,1
Doxorubicin,Doxorubicin,HMDB0015132,31703,28748,C01661,NA,COC1=CC=CC2=C1C(=O)C1=C(O)C3=C(C[C@](O)(C[C@@H]3O[C@H]3C[C@H](N)[C@H](O)[C@H](C)O3)C(=O)CO)C(O)=C1C2=O,1
Phytoene,Phytoene,HMDB0002181,5280784,8191,C05413,NA,CC(C)=CCC\C(C)=C\CC\C(C)=C\CC\C(C)=C\C=C\C=C(/C)CC\C=C(/C)CC\C=C(/C)CCC=C(C)C,1
Perfluorodecyl phosphate,NA,NA,NA,NA,NA,NA,NA,0
3-Man2GlcNAc,NA,NA,NA,NA,NA,NA,NA,0
Cymarin,Cymarin,NA,441853,NA,NA,NA,NA,1
Quercetin-3-(6''-malonyl)-Glucoside,NA,NA,NA,NA,NA,NA,NA,0
"beta-Carotene-5,6-epoxide",NA,NA,NA,NA,NA,NA,NA,0
beta-Cryptoxanthin,beta-Cryptoxanthin,HMDB0033844,5281235,10362,C08591,NA,C\C(\C=C\C=C(/C)\C=C\C1=C(C)CCCC1(C)C)=C/C=C/C=C(\C)/C=C/C=C(\C)/C=C/C1=C(C)C[C@@H](O)CC1(C)C,1
Rhodopin,1-hydroxylycopene,HMDB0304015,5365880,35331,C19795,NA,CC(C)=CCC\C(C)=C\C=C\C(\C)=C\C=C\C(\C)=C\C=C\C=C(/C)\C=C\C=C(/C)\C=C\C=C(/C)CCCC(C)(C)O,1
Leucine_Enkephalin,NA,NA,NA,NA,NA,NA,NA,0
"7',8',9',10'-Tetrahydro-beta-cryptoxanthin",NA,NA,NA,NA,NA,NA,NA,0
Fukugetin,NA,NA,NA,NA,NA,NA,NA,0
Dronedarone,Dronedarone,HMDB0251621,208898,50659,NA,NA,CCCCN(CCCC)CCCOC1=CC=C(C=C1)C(=O)C1=C(CCCC)OC2=C1C=C(NS(C)(=O)=O)C=C2,1
Vecuronium,Vecuronium,HMDB0015432,39765,9939,C07553,NA,[H][C@@]12C[C@@H]([C@H](OC(C)=O)[C@@]1(C)CC[C@@]1([H])[C@@]2([H])CC[C@@]2([H])C[C@H](OC(C)=O)[C@H](C[C@]12C)N1CCCCC1)[N+]1(C)CCCCC1,1
Atorvastatin,Atorvastatin,HMDB0005006,60823,39548,C06834,1136,CC(C)C1=C(C(=O)NC2=CC=CC=C2)C(=C(N1CC[C@@H](O)C[C@@H](O)CC(O)=O)C1=CC=C(F)C=C1)C1=CC=CC=C1,1
Rhodoxanthin,Rhodoxanthin,NA,5281251,8835,C08610,NA,CC1=CC(=O)CC(C)(C)/C1=C\C=C(C)\C=C\C=C(C)\C=C\C=C\C(C)=C\C=C\C(C)=C\C=C1\C(C)=CC(=O)CC1(C)C,1
Diatoxanthin,NA,NA,NA,NA,NA,NA,NA,0
Anhydrorhodovibrin,Anhydrorhodovibrin,NA,5368308,80148,C15877,NA,COC(C)(C)C/C=C/C(C)=C/C=C/C(C)=C/C=C/C(C)=C/C=C/C=C(C)/C=C/C=C(C)/C=C/C=C(\C)CCC=C(C)C,1
GalNAcGlcNAcThrNAc,NA,NA,NA,NA,NA,NA,NA,0
3'-Deoxycapsanthin,NA,NA,NA,NA,NA,NA,NA,0
Pyrrhoxanthinol,Pyrrhoxanthinol,HMDB0035696,131751849,NA,NA,NA,C\C(=C/C=C\C=C\C=C(/C)C#CC1=C(C)CC(O)CC1(C)C)\C=C1/OC(=O)C(\C=C\C23OC2(C)CC(O)CC3(C)C)=C1,1
"Lycopene-5,6-diol",NA,NA,NA,NA,NA,NA,NA,0
"3,4-Dihydrospheroidene","3,4-Dihydrospheroidene",NA,47205215,NA,C15895,NA,NA,1
"7,8-Dihydroparasiloxanthin","7,8-Dihydroparasiloxanthin",HMDB0036916,87442432,NA,NA,NA,C\C(CCC1=C(C)CC(O)CC1(C)C)=C/C=C/C(/C)=C/C=C/C=C(\C)/C=C/C=C(\C)CCC1=C(C)CC(O)CC1(C)C,1
Veratrosine,NA,NA,NA,NA,NA,NA,NA,0
4-Ketoalloxanthin,4-Ketoalloxanthin,NA,16061219,NA,NA,NA,CC1=C(C#C/C(C)=C/C=C/C(C)=C/C=C/C=C(C)/C=C/C=C(\C)C#CC2=C(C)C(=O)(O)CC2(C)C)C(C)(C)C(O)C1,1
Procyanidin B2,Procyanidin B2,HMDB0033973,122738,75632,C17639,NA,[H][C@]1([C@@H](O)[C@H](OC2=CC(O)=CC(O)=C12)C1=CC(O)=C(O)C=C1)C1=C(O)C=C(O)C2=C1O[C@@H]([C@H](O)C2)C1=CC(O)=C(O)C=C1,1
Rhoifolin,Rhoifolin,HMDB0038848,5459217,NA,C12627,NA,CC1OC(OC2C(O)C(O)C(CO)OC2OC2=CC(O)=C3C(=O)C=C(OC3=C2)C2=CC=C(O)C=C2)C(O)C(O)C1O,1
Adonirubin,NA,NA,NA,NA,NA,NA,NA,0
Cyanidin-3-O-(2''-O-beta-xylopyranosyl-beta-glucopyranoside),NA,NA,NA,NA,NA,NA,NA,0
Naringin,Naringin,HMDB0002927,442428,28819,C09789,3604,C[C@@H]1O[C@@H](O[C@@H]2[C@@H](O)[C@H](O)[C@@H](CO)O[C@H]2OC2=CC(O)=C3C(=O)C[C@H](OC3=C2)C2=CC=C(O)C=C2)[C@H](O)[C@H](O)[C@H]1O,1
Streptomycin,Streptomycin,HMDB0015214,19649,17076,C00413,NA,CN[C@H]1[C@H](O)[C@@H](O)[C@H](CO)O[C@H]1O[C@H]1[C@H](O[C@H]2[C@H](O)[C@@H](O)[C@H](NC(N)=N)[C@@H](O)[C@@H]2NC(N)=N)O[C@@H](C)[C@]1(O)C=O,1
Capsanthone,Capsanthone,HMDB0303575,NA,NA,NA,NA,C/C(/C=C/C=C(/C)\C=C\C(=O)C1(C)CC(=O)CC1(C)C)=C\C=C\C=C(/C)\C=C\C=C(\C)/C=C/C1=C(C)CC(O)CC1(C)C,1
Spheroidenone,Spheroidenone,NA,5366412,62480,C15903,NA,COC(C)(C)C(=O)/C=C/C(C)=C/C=C/C(C)=C/C=C/C(C)=C/C=C/C=C(C)/C=C/C=C(\C)CC/C=C(\C)CCC=C(C)C,1
Dihydroergotamine,Dihydroergotamine,HMDB0014465,10531,4562,C07798,NA,[H][C@@]12CCCN1C(=O)[C@H](CC1=CC=CC=C1)N1C(=O)[C@](C)(NC(=O)[C@H]3CN(C)[C@]4([H])CC5=CNC6=CC=CC(=C56)[C@@]4([H])C3)O[C@@]21O,1
Antheraxanthin,Antheraxanthin,METPA0963,NA,27867,C08579,NA,NA,1
Ouabain,Ouabain,HMDB0015224,439501,472805,C01443,NA,[H][C@@]12CC[C@]3(O)C[C@H](C[C@@H](O)[C@]3(CO)[C@@]1([H])[C@H](O)C[C@]1(C)[C@H](CC[C@]21O)C1=CC(=O)OC1)O[C@@H]1O[C@@H](C)[C@H](O)[C@@H](O)[C@H]1O,1
Ipomoeaxanthin C,NA,NA,NA,NA,NA,NA,NA,0
ManGlcNAc2,NA,NA,NA,NA,NA,NA,NA,0
Peridininol furanoxide,NA,NA,NA,NA,NA,NA,NA,0
JSTX-3,NA,NA,NA,NA,NA,NA,NA,0
Etoposide,Etoposide,HMDB0014911,36462,4911,C01576,NA,[H][C@]12COC(=O)[C@]1([H])[C@H](C1=CC(OC)=C(O)C(OC)=C1)C1=CC3=C(OCO3)C=C1[C@H]2O[C@@H]1O[C@]2([H])CO[C@@H](C)O[C@@]2([H])[C@H](O)[C@H]1O,1
Adenosine 5'-diphospho-glucose,NA,NA,NA,NA,NA,NA,NA,0
Ergoloid_Mesylate,NA,NA,NA,NA,NA,NA,NA,0
"7,8,7',8'-Tetradehydroastaxanthin","7,8,7',8'-Tetradehydroastaxanthin",NA,12299845,NA,NA,NA,CC1=C(C#C/C(C)=C/C=C/C(C)=C/C=C/C=C(C)/C=C/C=C(\C)C#CC2=C(C)C(=O)(O)CC2(C)C)C(C)(C)C(O)C1=O,1
Fortunellin,NA,NA,NA,NA,NA,NA,NA,0
"7,8-Didehydroastaxanthin","7,8-Dehydroastaxanthianthin",HMDB0036872,131752072,172765,NA,NA,C\C(\C=C\C=C(/C)\C=C\C1=C(C)C(=O)C(O)CC1(C)C)=C\C=C\C=C(/C)\C=C\C=C(\C)C#CC1=C(C)C(=O)C(O)CC1(C)C,1
Tiliroside,Tiliroside,NA,44258863,NA,NA,NA,O=C(/C=C/c1ccc(O)cc1)OC1O(Oc2c(-c3ccc(O)cc3)oc3cc(O)cc(O)c3c2=O)C(O)C(O)1O,1
Pelargonin,Pelargonin,HMDB0033681,441772,133365,C08725,NA,OC[C@H]1O[C@@H](OC2=CC3=C(O[C@@H]4O[C@H](CO)[C@@H](O)[C@H](O)[C@H]4O)C=C(O)C=C3[O+]=C2C2=CC=C(O)C=C2)[C@H](O)[C@@H](O)[C@@H]1O,1
Kaempferol-7-neohesperidoside,NA,NA,NA,NA,NA,NA,NA,0
Poncirin,Poncirin,HMDB0037487,4463283,NA,C09830,NA,COC1=CC=C(C=C1)C1CC(=O)C2=C(O)C=C(OC3OC(CO)C(O)C(O)C3OC3OC(C)C(O)C(O)C3O)C=C2O1,1
Astaxanthin,Astaxanthin,HMDB0002204,5281224,40968,C08580,3671,C\C(\C=C\C=C(/C)\C=C\C1=C(C)C(=O)[C@@H](O)CC1(C)C)=C/C=C/C=C(\C)/C=C/C=C(\C)/C=C/C1=C(C)C(=O)[C@@H](O)CC1(C)C,1
Spirilloxanthin,Spirilloxanthin,HMDB0258426,169577,35328,C15881,NA,COC(C)(C)CC=CC(C)=CC=CC(C)=CC=CC(C)=CC=CC=C(C)C=CC=C(C)C=CC=C(C)C=CCC(C)(C)OC,1
Peltatoside,NA,NA,NA,NA,NA,NA,NA,0
"Capsanthone-3,6-epoxide",NA,NA,NA,NA,NA,NA,NA,0
"3,4-Dihydrospirilloxanthin","3,4-Dihydrospirilloxanthin",NA,16061284,NA,NA,NA,COC(C)(C)C/C=C/C(C)=C/C=C/C(C)=C/C=C/C(C)=C/C=C/C=C(C)/C=C/C=C(C)/C=C/C=C(\C)CCCC(C)(C)OC,1
Hematoporphyrin_I,NA,NA,NA,NA,NA,NA,NA,0
Auroxanthin,Auroxanthin,HMDB0036876,131752074,NA,NA,NA,C\C(\C=C\C=C(\C)C1OC2(C)CC(O)CC(C)(C)C2=C1)=C/C=C\C=C(/C)\C=C/C=C(/C)C1OC2(C)CC(O)CC(C)(C)C2=C1,1
Tetrahydrospirilloxanthin,NA,NA,NA,NA,NA,NA,NA,0
"5,6-Dihydroxylutein",NA,NA,NA,NA,NA,NA,NA,0
Guanosine 5'-diphosphate-D-mannose,NA,NA,NA,NA,NA,NA,NA,0
Uridine 5'-diphospho-N-acetylgalactosamine,Uridine diphosphate-N-acetylgalactosamine,HMDB0000304,1167,NA,C00203,5293,CC(O)=NC1C(OP(O)(=O)OP(O)(=O)OCC2OC(C(O)C2O)N2C=CC(O)=NC2=O)OC(CO)C(O)C1O,1
Neodiosmin,Diosmetin 7-neohesperidoside,HMDB0039856,14310763,NA,NA,NA,COC1=C(O)C=C(C=C1)C1=CC(=O)C2=C(O)C=C(OC3OC(CO)C(O)C(O)C3OC3OC(C)C(O)C(O)C3O)C=C2O1,1
Reserpine,Reserpine,HMDB0014351,5770,28487,C06539,NA,[H][C@]12C[C@@H](OC(=O)C3=CC(OC)=C(OC)C(OC)=C3)[C@H](OC)[C@@H](C(=O)OC)[C@@]1([H])C[C@@]1([H])N(CCC3=C1NC1=C3C=CC(OC)=C1)C2,1
Ergocristine,Ergocristine,HMDB0251908,98255,NA,NA,NA,CC(C)C1(NC(=O)C2CN(C)C3CC4=CNC5=CC=CC(=C45)C3=C2)OC2(O)C3CCCN3C(=O)C(CC3=CC=CC=C3)N2C1=O,1
Delphinidin-3-rutinoside,NA,NA,NA,NA,NA,NA,NA,0
Rutin,Rutin,HMDB0003249,5280805,28527,C05625,3677,C[C@@H]1O[C@@H](OC[C@H]2O[C@@H](OC3=C(OC4=CC(O)=CC(O)=C4C3=O)C3=CC(O)=C(O)C=C3)[C@H](O)[C@@H](O)[C@@H]2O)[C@H](O)[C@H](O)[C@H]1O,1
Hesperidin,Hesperidin,HMDB0003265,53477767,28775,C09755,3678,COC1=CC=C(C=C1O)[C@@H]1CC(=O)C2=C(O1)C=C(OC1O[C@H](CO[C@H]3O[C@@H](C)[C@@H](O)[C@@H](O)[C@H]3O)[C@H](O)[C@H](O)[C@H]1O)C=C2O,1
"Pyrroxanthin 5,8-furanoxide",NA,NA,NA,NA,NA,NA,NA,0
L-Glutathione (oxidized form),NA,NA,NA,NA,NA,NA,NA,0
Neohesperidin dihydrochalcone,Neohesperidin dihydrochalcone,HMDB0030542,4453,NA,NA,NA,COC1=C(O)C=C(CCC(=O)C2=C(O)C=C(OC3OC(CO)C(O)C(O)C3OC3OC(C)C(O)C(O)C3O)C=C2O)C=C1,1
Amarouciaxanthin A,Amarouciaxanthin A,NA,16061220,NA,NA,NA,CC1=CC(=O)CC(C)(C)1(O)CC(=O)/C(C)=C/C=C/C(C)=C/C=C/C=C(C)/C=C/C=C(\C)C=C=C1C(C)(C)C(O)C1(C)O,1
19-O-Methylsiphonaxanthin,NA,NA,NA,NA,NA,NA,NA,0
Kaempferol-3-O-rutinoside,Kaempferol-3-O-rutinoside,NA,,,C21833,NA,NA,1
"Methyl glucosyl-3,4-dehydro-apo-8'-lycopenate",NA,NA,NA,NA,NA,NA,NA,0
"Peonidin-3,5-O-di-beta-glucopyranoside",NA,NA,NA,NA,NA,NA,NA,0
Isorhamnetin-3-O-rutinoside,Isorhamnetin-3-O-rutinoside,NA,45933931,NA,NA,NA,NA,1
Hesperidin methyl chalcone,NA,NA,NA,NA,NA,NA,NA,0
"Quercetin-3,4'-O-di-beta-glucopyranoside",NA,NA,NA,NA,NA,NA,NA,0
3-Didehydro-5-dehydroxyhydratoperidinin,NA,NA,NA,NA,NA,NA,NA,0
Peridinin,Peridinin,HMDB0256341,496108,NA,NA,NA,CC(=O)OC1CC(C)(C)C(=C=CC(C)=CC=CC=CC=C(C)C=C2OC(=O)C(C=CC34OC3(C)CC(O)CC4(C)C)=C2)C(C)(O)C1,1
Mactraxanthin,Mactraxanthin,HMDB0036928,131752098,NA,NA,NA,C/C(/C=C/C=C(/C)\C=C\C1(O)C(C)(C)CC(O)CC1(C)O)=C\C=C/C=C(\C)/C=C/C=C(\C)/C=C/C1(O)C(C)(C)CC(O)CC1(C)O,1
Halocynthiaxanthin acetate,NA,NA,NA,NA,NA,NA,NA,0
Corbiculaxanthin-3'-acetate,NA,NA,NA,NA,NA,NA,NA,0
Ioxitalamic acid,Ioxitalamic acid,HMDB0253556,NA,83517,NA,NA,CC(O)=NC1=C(I)C(C(O)=NCCO)=C(I)C(C(O)=O)=C1I,1
Hydratoperidinin,NA,NA,NA,NA,NA,NA,NA,0
Malvin,Malvin,HMDB0038009,3830888,NA,NA,NA,COC1=CC(=CC(OC)=C1O)C1=C(OC2OC(CO)C(O)C(O)C2O)C=C2C(OC3OC(CO)C(O)C(O)C3O)=CC(O)=CC2=[O+]1,1
Fucoxanthin,Fucoxanthin,HMDB0002741,5364094,5186,C08596,3685,CC(=O)OC1CC(C)(C)C(=C=C\C(C)=C\C=C\C(\C)=C\C=C\C=C(/C)\C=C\C=C(/C)C(=O)CC23OC2(C)CC(O)CC3(C)C)C(C)(O)C1,1
IRGANOX 1098,NA,NA,NA,NA,NA,NA,NA,0
NAD+,NAD+,HMDB0000902,5892,44215,C00003,5858,NC(=O)C1=C[N+](=CC=C1)[C@@H]1O[C@H](COP([O-])(=O)OP(O)(=O)OC[C@H]2O[C@H]([C@H](O)[C@@H]2O)N2C=NC3=C2N=CN=C3N)[C@@H](O)[C@H]1O,1
Nicotinamide_dinucleotide,NA,NA,NA,NA,NA,NA,NA,0
IRGANOX 1035,NA,NA,NA,NA,NA,NA,NA,0
NADH,NADH,HMDB0001487,439153,16908,C00004,3687,NC(=O)C1=CN(C=CC1)[C@@H]1O[C@H](COP(O)(=O)OP(O)(=O)OC[C@H]2O[C@H]([C@H](O)[C@@H]2O)N2C=NC3=C2N=CN=C3N)[C@@H](O)[C@H]1O,1
Icariin,Icariin,NA,44259060,NA,NA,NA,COc1ccc(-c2oc3c(CC=C(C)C)c(O4OC(CO)(O)(O)C4O)cc(O)c3c(=O)c2O2OC(C)(O)C(O)2O)cc1,1
Dehydro fucoxanthin acetate,NA,NA,NA,NA,NA,NA,NA,0
3'-Dephosphocoenzyme A,Dephospho-CoA,HMDB0001373,444485,15468,C00882,3689,CC(C)(COP(O)(=O)OP(O)(=O)OC[C@H]1O[C@H]([C@H](O)[C@@H]1O)N1C=NC2=C1N=CN=C2N)[C@@H](O)C(=O)NCCC(=O)NCCS,1
Fcoxanthin acetate,NA,NA,NA,NA,NA,NA,NA,0
Flavuxanthin,NA,NA,NA,NA,NA,NA,NA,0
Man3GlcNAc,NA,NA,NA,NA,NA,NA,NA,0
GalNAcFucGlcNAcThrNAc-I,NA,NA,NA,NA,NA,NA,NA,0
C60,NA,NA,NA,NA,NA,NA,NA,0
Ritonavir,Ritonavir,HMDB0014646,392622,45409,C07240,NA,CC(C)[C@H](NC(=O)N(C)CC1=CSC(=N1)C(C)C)C(=O)N[C@H](C[C@H](O)[C@H](CC1=CC=CC=C1)NC(=O)OCC1=CN=CS1)CC1=CC=CC=C1,1
Kaempferol-3-Rhamnoside-4''-Rhamnoside-7-Rhamnoside,NA,NA,NA,NA,NA,NA,NA,0
Myxoxanthophyll,NA,NA,NA,NA,NA,NA,NA,0
ManGlcNAcFucGlcNAc,NA,NA,NA,NA,NA,NA,NA,0
Erythromycin,Erythromycin,HMDB0014344,12560,42355,C01912,NA,[H][C@@]1(C[C@@](C)(OC)[C@@H](O)[C@H](C)O1)O[C@H]1[C@H](C)[C@@H](O[C@]2([H])O[C@H](C)C[C@@H]([C@H]2O)N(C)C)[C@](C)(O)C[C@@H](C)C(=O)[C@H](C)[C@@H](O)[C@](C)(O)[C@@H](CC)OC(=O)[C@@H]1C,1
Robinin,Robinin,NA,44258757,NA,NA,NA,CC1O(Oc2cc(O)c3c(=O)c(O4OC(CO5OC(C)(O)(O)C5O)(O)C(O)C4O)c(-c4ccc(O)cc4)oc3c2)C(O)(O)1O,1
"Deoxymyxol 2'-(2,4-di-O-methyl-fucoside)",NA,NA,NA,NA,NA,NA,NA,0
Cyanidin-3-O-(2''-O-beta-xylopyranosyl-beta-glucopyranoside)-5-O-beta-glucopyranoside,NA,NA,NA,NA,NA,NA,NA,0
NADP+,NADP+,HMDB0000217,5885,44409,C00006,5227,NC(=O)C1=C[N+](=CC=C1)[C@@H]1O[C@H](COP([O-])(=O)OP(O)(=O)OC[C@H]2O[C@H]([C@H](OP(O)(O)=O)[C@@H]2O)N2C=NC3=C2N=CN=C3N)[C@@H](O)[C@H]1O,1
Azithromycin,Azithromycin,HMDB0014352,447043,2955,C06838,NA,CC[C@H]1OC(=O)[C@H](C)[C@@H](O[C@H]2C[C@@](C)(OC)[C@@H](O)[C@H](C)O2)[C@H](C)[C@@H](O[C@@H]2O[C@H](C)C[C@@H]([C@H]2O)N(C)C)[C@](C)(O)C[C@@H](C)CN(C)[C@H](C)[C@@H](O)[C@]1(C)O,1
Quercetin-3-O-alpha-L-rhamnopyranosyl(1-2)-beta-D-glucopyranoside-7-O-alpha-L-rhamnopyranoside,NA,NA,NA,NA,NA,NA,NA,0
Bradykinin fragment 1-7,NA,NA,NA,NA,NA,NA,NA,0
"Myxol 2'-(2,4-di-O-methyl-fucoside)",NA,NA,NA,NA,NA,NA,NA,0
1-palmitoyl-2-oleoyl-sn-glycero-3-phosphocholine,1-Palmitoyl-2-oleoyl-sn-glycero-3-phosphocholine,HMDB0243985,65167,NA,NA,NA,CCCCCCCCCCCCCCCC(=O)OCC(COP([O-])(=O)OCC[N+](C)(C)C)OC(=O)CCCCCCCC=CCCCCCCCC,1
Iomeprol,Iomeprol,HMDB0253541,3731,31710,NA,NA,CN(C(=O)CO)C1=C(I)C(C(O)=NCC(O)CO)=C(I)C(C(O)=NCC(O)CO)=C1I,1
Bisperfluorooctyl phosphate,NA,NA,NA,NA,NA,NA,NA,0
Iopromide,Iopromide,HMDB0041910,3736,63578,NA,NA,COCC(O)=NC1=C(I)C(C(O)=NCC(O)CO)=C(I)C(C(=O)N(C)CC(O)CO)=C1I,1
IRGANOX 1330,NA,NA,NA,NA,NA,NA,NA,0
IRGANOX 3114,NA,NA,NA,NA,NA,NA,NA,0
Iohexol,Iohexol,HMDB0015449,3730,31709,NA,NA,CC(=O)N(CC(O)CO)C1=C(I)C(C(=O)NCC(O)CO)=C(I)C(C(=O)NCC(O)CO)=C1I,1
Glycyrrhizin,Glycyrrhizin,HMDB0029843,3495,15939,C02284,NA,CC1(C)C(CCC2(C)C1CCC1(C)C2C(=O)C=C2C3CC(C)(CCC3(C)CCC12C)C(O)=O)OC1OC(C(O)C(O)C1OC1OC(C(O)C(O)C1O)C(O)=O)C(O)=O,1
Rifampicin,Rifampicin,NA,135398735,NA,NA,NA,NA,1
Roxithromycin,Roxithromycin,HMDB0014916,6915744,48844,C13173,NA,CC[C@H]1OC(=O)[C@H](C)[C@@H](O[C@H]2C[C@@](C)(OC)[C@@H](O)[C@H](C)O2)[C@H](C)[C@@H](O[C@@H]2O[C@H](C)C[C@@H]([C@H]2O)N(C)C)[C@](C)(O)C[C@@H](C)C(=NOCOCCOC)[C@H](C)[C@@H](O)[C@]1(C)O,1
DP5,NA,NA,NA,NA,NA,NA,NA,0
Coenzyme Q10,Coenzyme Q10,HMDB0001072,5281915,46245,C11378,5983,COC1=C(OC)C(=O)C(C\C=C(/C)CC\C=C(/C)CC\C=C(/C)CC\C=C(/C)CC\C=C(/C)CC\C=C(/C)CC\C=C(/C)CC\C=C(/C)CC\C=C(/C)CCC=C(C)C)=C(C)C1=O,1
1-Palmitoyl-2-oleoyl-3-linoleoyl-rac-glycerol,NA,NA,NA,NA,NA,NA,NA,0
Cyanidin-3-O-[6''-O-(E-p-coum)-2''-O-(beta-xylopyranosyl)-beta-glucopyranoside]-5-O-beta-glucopyranoside,NA,NA,NA,NA,NA,NA,NA,0
Oscillaxanthin,NA,NA,NA,NA,NA,NA,NA,0
Man2GlcNAcFucGlcNAc,NA,NA,NA,NA,NA,NA,NA,0
Triolein,TG(18:1(9Z)/18:1(9Z)/18:1(9Z)),HMDB0005453,5497163,53753,NA,4947,[H]C(COC(=O)CCCCCCC\C=C/CCCCCCCC)(COC(=O)CCCCCCC\C=C/CCCCCCCC)OC(=O)CCCCCCC\C=C/CCCCCCCC,1
Man3GlcNAc2,NA,NA,NA,NA,NA,NA,NA,0
Tristealin,NA,NA,NA,NA,NA,NA,NA,0
GalNAc2FucGlcNAcThrNAc,NA,NA,NA,NA,NA,NA,NA,0
Myricitrin,Myricitrin,HMDB0034360,5352000,544021,C10108,NA,CC1OC(OC2=C(OC3=CC(O)=CC(O)=C3C2=O)C2=CC(O)=C(O)C(O)=C2)C(O)C(O)C1O,1
Microcystin-LR,Microcystin-LR,HMDB0254706,3595220,NA,NA,NA,COC(CC1=CC=CC=C1)C(C)C=C(C)C=CC1NC(=O)C(CCCN=C(N)N)NC(=O)C(C)C(NC(=O)C(CC(C)C)NC(=O)C(C)NC(=O)C(=C)N(C)C(=O)CCC(NC(=O)C1C)C(O)=O)C(O)=O,1
Cyanidin 3-O-[2''-O-(xylosyl)-6''-O-(p-O-(glucosyl)-p-coumaroyl) glucoside] 5-O-glucoside,NA,NA,NA,NA,NA,NA,NA,0
Man3GlcNAcFucGlcNAc,NA,NA,NA,NA,NA,NA,NA,0
Ginsenoside-Rb1,NA,NA,NA,NA,NA,NA,NA,0
Man6GlcNAc-VI,NA,NA,NA,NA,NA,NA,NA,0
Irganox1010,NA,NA,NA,NA,NA,NA,NA,0
DL-3-Aminoisobutyric acid,3-Aminoisobutanoic acid,HMDB0003911,64956,27389,C05145,5472,CC(CN)C(O)=O,1
D-(+)-Glyceric acid,NA,NA,NA,NA,NA,NA,NA,0
Succinic acid,Succinic acid,HMDB0000254,1110,15741,C00042,114,OC(=O)CCC(O)=O,1
Mesaconic acid,Mesaconic acid,HMDB0000749,638129,16600,C01732,4130,C\C(=C/C(O)=O)C(O)=O,1
L-Leucine,Leucine,HMDB0000687,6106,15603,C00123,24,CC(C)C[C@H](N)C(O)=O,1
L-Asparagine,L-Asparagine,HMDB0000168,6267,17196,C00152,14,N[C@@H](CC(N)=O)C(O)=O,1
2-Hydroxyisocaproic acid,Leucinic acid,HMDB0000665,92779,59783,NA,5635,CC(C)CC(O)C(O)=O,1
Aspartate,L-Aspartic acid,HMDB0000191,5960,17053,C00049,5206,N[C@@H](CC(O)=O)C(O)=O,1
L-(-)-Malic acid,Malic acid,HMDB0000156,222656,30797,C00149,NA,O[C@@H](CC(O)=O)C(O)=O,1
O-Phosphoethanolamine,O-Phosphoethanolamine,HMDB0000224,1015,17553,C00346,5233,NCCOP(O)(O)=O,1
Indole-3-carboxyaldehyde,Indole-3-carboxaldehyde,HMDB0029737,10256,28238,C08493,NA,O=CC1=CNC2=C1C=CC=C2,1
2-Oxoglutaric acid,Oxoglutaric acid,HMDB0000208,51,30915,C00026,5218,OC(=O)CCC(=O)C(O)=O,1
2-Methylglutaric acid,2-Methylglutaric acid,HMDB0000422,12046,68567,C02930,5411,CC(CCC(O)=O)C(O)=O,1
L-Glutamic acid,Glutamic acid,HMDB0000148,33032,16015,C00025,5174,N[C@@H](CCC(O)=O)C(O)=O,1
L-(+)-tartaric acid,Tartaric acid,HMDB0000956,444305,15671,C00898,NA,O[C@H]([C@@H](O)C(O)=O)C(O)=O,1
Protocatechuic acid,Protocatechuic acid,HMDB0001856,72,36062,C00230,6350,OC(=O)C1=CC(O)=C(O)C=C1,1
L-Histidine,Histidine,HMDB0000177,6274,15971,C00135,21,N[C@@H](CC1=CN=CN1)C(O)=O,1
3-Hydroxy-3-methylglutaric acid,3-Hydroxymethylglutaric acid,HMDB0000355,1662,16831,C03761,5344,CC(O)(CC(O)=O)CC(O)=O,1
Methyl 5-chloro-5-oxovalerate,NA,NA,NA,NA,NA,NA,NA,0
L-(+)-Rhamnose,Rhamnose,HMDB0000849,25310,62346,C00507,5812,C[C@@H]1OC(O)[C@H](O)[C@H](O)[C@H]1O,1
Hinokitiol,beta-Thujaplicin,HMDB0035213,3611,10447,C09904,NA,CC(C)C1=CC(=O)C(O)=CC=C1,1
Homogentisic acid,Homogentisic acid,HMDB0000130,780,44747,C00544,331,OC(=O)CC1=C(O)C=CC(O)=C1,1
cis-Aconitic acid,cis-Aconitic acid,HMDB0000072,643757,32805,C00417,5130,OC(=O)C\C(=C\C(O)=O)C(O)=O,1
S-Sulforaphene,NA,NA,NA,NA,NA,NA,NA,0
L-Citrulline,Citrulline,HMDB0000904,9750,16349,C00327,16,N[C@@H](CCCNC(N)=O)C(O)=O,1
2-Isopropylmalic acid,2-Isopropylmalic acid,HMDB0000402,5280523,35128,C02504,339,CC(C)[C@@](O)(CC(O)=O)C(O)=O,1
N-Formyl-L-Methionine,N-Formyl-L-methionine,HMDB0001015,439750,16552,C03145,5945,CSCC[C@H](NC=O)C(O)=O,1
D-(-)-Gulono-gamma-lactone,NA,NA,NA,NA,NA,NA,NA,0
(R)-3-Amino-4-phenylbutyric acid,NA,NA,NA,NA,NA,NA,NA,0
"1,3-Dihydroxyacetone dimer",Dihydroxyacetone (dimer),HMDB0032222,4180364,NA,NA,NA,OCC1(O)COC(O)(CO)CO1,1
Acamprosate,Acamprosate,HMDB0014797,71158,51041,NA,NA,CC(=O)NCCCS(O)(=O)=O,1
L-Tyrosine,L-Tyrosine,HMDB0000158,6057,17895,C00082,34,N[C@@H](CC1=CC=C(O)C=C1)C(O)=O,1
L-Iditol,L-Iditol,HMDB0011632,5460044,18202,C01507,NA,OC[C@H](O)[C@@H](O)[C@H](O)[C@@H](O)CO,1
O-Phospho-L-serine,Phosphoserine,HMDB0000272,68841,15811,C01005,5270,N[C@@H](COP(O)(O)=O)C(O)=O,1
D-(-)-Quinic acid,Quinic acid,HMDB0003072,6508,17521,C00296,3329,O[C@@H]1C[C@@](O)(C[C@@H](O)[C@H]1O)C(O)=O,1
D-Gluconic acid,Gluconic acid,HMDB0000625,10690,33198,C00257,345,OC[C@@H](O)[C@@H](O)[C@H](O)[C@@H](O)C(O)=O,1
"3,5,6-Trichloro-2-pyridinol","3,5,6-Trichloro-2-pyridinol",HMDB0039853,23017,83490,NA,NA,OC1=NC(Cl)=C(Cl)C=C1Cl,1
D-Erythrose-4-phosphate,D-Erythrose 4-phosphate,HMDB0001321,122357,48153,C00279,6158,O[C@H](COP(O)(O)=O)[C@@H](O)C=O,1
MCPA,(4-Chloro-2-methylphenoxy)acetic acid,HMDB0254366,7204,50099,C18528,NA,CC1=CC(Cl)=CC=C1OCC(O)=O,1
Thiabendazole,Thiabendazole,HMDB0014868,5430,45979,C07131,NA,N1C2=CC=CC=C2N=C1C1=CSC=N1,1
"DL-6,8-Thioctic acid",NA,NA,NA,NA,NA,NA,NA,0
2-Deoxyribose 5-phosphate,Deoxyribose 5-phosphate,HMDB0001031,45934311,16132,C00673,5956,O[C@H]1C[C@H](O)[C@@H](COP(O)(O)=O)O1,1
"2,4-D","2,4-Dichlorophenoxyacetic acid",HMDB0041797,1486,28854,C03664,NA,OC(=O)COC1=C(Cl)C=C(Cl)C=C1,1
L(+)-Cystathionine,NA,NA,NA,NA,NA,NA,NA,0
Methyl Jasmonic acid,Methyl jasmonate,HMDB0036583,5367719,15929,C11512,NA,CC\C=C/C[C@@H]1[C@@H](CC(=O)OC)CCC1=O,1
Methyl Dihydrojasmonate,Methyl dihydrojasmonate,HMDB0031740,102861,89741,NA,NA,CCCCC[C@@H]1[C@@H](CC(=O)OC)CCC1=O,1
MCPB,NA,NA,NA,NA,NA,NA,NA,0
Resveratrol,Resveratrol,HMDB0003747,445154,45713,C03582,NA,OC1=CC=C(\C=C\C2=CC(O)=CC(O)=C2)C=C1,1
Dinoseb,"(Â±)-2-(1-Methylpropyl)-4,6-dinitrophenol",HMDB0032559,6950,83632,C14302,NA,CCC(C)C1=C(O)C(=CC(=C1)N(=O)=O)N(=O)=O,1
L-Homocarnosine,Homocarnosine,HMDB0000745,10243361,85981,C00884,270,NCCCC(=O)N[C@@H](CC1=CNC=N1)C(O)=O,1
33FTA,NA,NA,NA,NA,NA,NA,NA,0
Lapachol,Lapachol,HMDB0253978,3884,17176,C00609,NA,CC(C)=CCC1=C(O)C2=CC=CC=C2C(=O)C1=O,1
Fludioxonil,Fludioxonil,HMDB0252328,NA,81763,C18462,NA,FC1(F)OC2=CC=CC(=C2O1)C1=CNC=C1C#N,1
Fluroxypyr,NA,NA,NA,NA,NA,NA,NA,0
D-Glucose 1-phosphate,D-Glucose 1-phosphate,NA,3403,29042,C00103,NA,NA,1
"(+/-)-cis,trans-abscisic acid",NA,NA,NA,NA,NA,NA,NA,0
16-Hydroxyhexadecanoic acid,16-Hydroxyhexadecanoic acid,HMDB0006294,10466,55328,C18218,NA,OCCCCCCCCCCCCCCCC(O)=O,1
Linoleic acid,Linoleic acid,HMDB0000673,5280450,17351,C01595,191,CCCCC\C=C/C\C=C/CCCCCCCC(O)=O,1
Oleic acid,Oleic acid,HMDB0000207,445639,16196,C00712,190,CCCCCCCC\C=C/CCCCCCCC(O)=O,1
Oxazepam,Oxazepam,HMDB0014980,4616,7823,C07359,NA,OC1N=C(C2=CC=CC=C2)C2=C(NC1=O)C=CC(Cl)=C2,1
"2,7-Naphthalenedisulfonic acid",NA,NA,NA,NA,NA,NA,NA,0
62FTA,NA,NA,NA,NA,NA,NA,NA,0
Aspartame,Aspartame,HMDB0001894,134601,2877,C11045,6377,COC(=O)[C@H](CC1=CC=CC=C1)NC(=O)[C@@H](N)CC(O)=O,1
[6]-Gingerol,Gingerol,HMDB0005783,3473,NA,C10462,NA,CCCCCC(O)CC(=O)CCC1=CC=C(O)C(OC)=C1,1
"12,13-EODE",NA,NA,NA,NA,NA,NA,NA,0
Ricinoleic acid,Ricinoleic acid,HMDB0034297,5282942,85639,C08365,NA,CCCCCCC(O)C\C=C/CCCCCCCC(O)=O,1
Delphinidin,Delphinidin,HMDB0003074,128853,28436,C05908,3432,OC1=CC(O)=C2C=C(O)C(=[O+]C2=C1)C1=CC(O)=C(O)C(O)=C1,1
2'-Deoxyuridine 5'-monophosphate,dUMP,HMDB0001409,65063,17622,C00365,6225,O[C@H]1C[C@@H](O[C@@H]1COP(O)(O)=O)N1C=CC(=O)NC1=O,1
13-HpOTrE(r),NA,NA,NA,NA,NA,NA,NA,0
13-HPODE,13-L-Hydroperoxylinoleic acid,HMDB0003871,5280720,15655,C04717,NA,CCCCC[C@H](OO)\C=C\C=C/CCCCCCCC(O)=O,1
Thymidine-5'-monophosphate,5-Thymidylic acid,HMDB0001227,9700,17013,C00364,6092,CC1=CN([C@H]2C[C@H](O)[C@@H](COP(O)(O)=O)O2)C(=O)NC1=O,1
Metolachlor ESA,NA,NA,NA,NA,NA,NA,NA,0
2'-Deoxyadenosine 5'-monophosphate,Deoxyadenosine monophosphate,HMDB0000905,12599,17713,C00360,3461,NC1=NC=NC2=C1N=CN2[C@H]1C[C@H](O)[C@@H](COP(O)(O)=O)O1,1
Gibberellin A4,Gibberellin A4,HMDB0303447,622971,NA,C11864,NA,CC12C3C(C(O)=O)C45CC(CCC4C3(CCC1O)OC2=O)C(=C)C5,1
"8,15-DiHETE","8,15-DiHETE",HMDB0010219,53480358,88456,NA,NA,CCCCCC(O)\C=C\C=C/C=C/C(O)C\C=C/CCCC(O)=O,1
53FTA,NA,NA,NA,NA,NA,NA,NA,0
Sucrose,Sucrose,HMDB0000258,5988,17992,C00089,137,OC[C@H]1O[C@@](CO)(O[C@H]2O[C@H](CO)[C@@H](O)[C@H](O)[C@H]2O)[C@@H](O)[C@@H]1O,1
Maltitol,Maltitol,HMDB0002928,493591,68428,NA,3484,OC[C@H](O)[C@@H](O)[C@H](O[C@H]1O[C@H](CO)[C@@H](O)[C@H](O)[C@H]1O)[C@H](O)CO,1
17-HDoHE,17-HDoHE,HMDB0010213,6439179,72637,NA,NA,CC\C=C/CC(O)\C=C\C=C/C\C=C/C\C=C/C\C=C/CCC(O)=O,1
Gibberellin A3,Gibberellin A3,HMDB0003559,6466,28833,C01699,6954,[H][C@@]12CC[C@]3(O)C[C@]1(CC3=C)[C@@H](C(O)=O)[C@]1([H])[C@@]3(C)[C@@H](O)C=C[C@@]21OC3=O,1
Gibberellin A1,Gibberellin A1,METPA0089,NA,27717,C00859,NA,NA,1
trans-Zeatin riboside,trans-zeatin riboside,HMDB0304506,NA,71693,C16431,NA,C\C(CO)=C/CNC1=NC=NC2=C1N=CN2[C@@H]1O[C@H](CO)[C@@H](O)[C@H]1O,1
PGF2a,Prostaglandin F2a,HMDB0001139,5283078,15553,C00639,6032,CCCCC[C@H](O)\C=C\[C@H]1[C@H](O)C[C@H](O)[C@@H]1C\C=C\CCCC(O)=O,1
TxB2,Thromboxane B2,HMDB0003252,5283137,28728,C05963,422,CCCCC[C@H](O)\C=C\[C@H]1OC(O)C[C@H](O)[C@@H]1C\C=C/CCCC(O)=O,1
Fipronil-desulfinyl,NA,NA,NA,NA,NA,NA,NA,0
Deoxycholic acid,Deoxycholic acid,HMDB0000626,222528,28834,C04483,265,[H][C@@]1(CC[C@@]2([H])[C@]3([H])CC[C@]4([H])C[C@H](O)CC[C@]4(C)[C@@]3([H])C[C@H](O)[C@]12C)[C@H](C)CCC(O)=O,1
Forskolin,Forskolin,HMDB0252457,3413,93891,C09076,NA,CC(=O)OC1C(O)C2C(C)(C)CCC(O)C2(C)C2(O)C(=O)CC(C)(OC12C)C=C,1
Liquiritin,Liquiritin,HMDB0029520,3794292,NA,C16989,NA,OCC1OC(OC2=CC=C(C=C2)C2CC(=O)C3=C(O2)C=C(O)C=C3)C(O)C(O)C1O,1
Callistephin,Callistephin,NA,44256621,NA,NA,NA,OCC1O(Oc2cc3c(O)cc(O)cc3c2-c2ccc(O)cc2)C(O)C(O)1O,1
Kaempferol-3-Glucuronide,NA,NA,NA,NA,NA,NA,NA,0
7-Methylthioheptyl glucosinolate,7-methylthioheptyl glucosinolate,HMDB0304242,74960823,80988,C17252,NA,CSCCCCCCCC(SC1OC(CO)C(O)C(O)C1O)=NOS(O)(=O)=O,1
Phosphatidylethanolamine lyso 18,NA,NA,NA,NA,NA,NA,NA,0
Phosphatidylinositol lyso 16,NA,NA,NA,NA,NA,NA,NA,0
Phosphatidylinositol lyso 18,NA,NA,NA,NA,NA,NA,NA,0
Phosphatidylethanolamine 16,NA,NA,NA,NA,NA,NA,NA,0
Phosphatidylinositol 16,NA,NA,NA,NA,NA,NA,NA,0
Phosphatidylinositol 18,NA,NA,NA,NA,NA,NA,NA,0
Chikusetsusaponin III,NA,NA,NA,NA,NA,NA,NA,0